"","NestID","Site","Year","PastureID...4","Age","NestFate","Attempt","HenFlushed","TotalEggs","NumIntactE","FateDateCo","Julian_Date","NestID_Jul","LastActive","Last_Interval","Last_Interval_Plus","Detected","precip","tmin","tmean","tmax","tdmean","DateOfSurv","AvgOfMaxHt","AvgOfMaxLe","AvgOfEff_H","AvgOfRemov","NstShrb_Sp","NstShrb__1","NstShrb_Ht","NstShrb_Lg","NstShrb_Wd","A_PCtCover","N_PctCover","E_PctCover","S_PctCover","W_PctCover","Avg_PctCov","Avg_PctCov_NESW","Pcnt_Cover","Transect","Species_Sh","SumOfLengt","AvgOfHeigh","AllShrub_SumofLength","shrub_cover_nest","AllShrub_A","NewCattle","OldCattle","DeerProng","Horse","Elk","Grouse","Rabbit","PygmyRabbi","Coyote...56","Badger...57","Owl","YearsOfTre","PastureID...60","DateIn","DateOut","Head","DateInPrior","DateOutPrior","HeadPrior","DSLG","SpringGraz","SummerGraz","FallGrazed","GrazedAfte","GrazedBefo","GrazedDuri","NumDaysWCo","AUMs_Prior","AUMsPerHa_","Dist_Fence","Dist_Rds","Dist_Ag","NHD_Peren","BLM_Peren","NHD_Inter","BLM_Inter","Cody_Inter","Comb_Inter","Dist_Water","Dist_Nest","Dist_Perch","Dist_PwrLn","shrub8km","shrub14km","shrub22km","shrub44km","Magpie","Raven","Coyote...96","Bobcat","Badger...98","Cougar","Fox","Corvid","Mammal","Both","Corvid_Only","Mammal_Only","Coyote_Only","Raven_Only","Detect","Multi_Class"
"1","F5249N1_20","PAVA",2020,1,"Adult","Hatched",1,"No",9,0,"20-May-20",20141,"F5249N1_20_20141","5/19/20",1,2,"#N/A",2.03,3.61,10.89,18.22,3.33,"27-May-20",12.08,7.94,1.48,4.66,"ARTRW8","ARTRW8",54,168,110,0.751201742,0.687728438,0.980509503,0.740333466,0.692098412,0.770374312,0.775167455,NA,"East-West","ARAR8",202,16.36363636,1714,28.57,17.92151327,0,0,"Yes","No","No","Yes","No","No",1,0,0,1,1,"NoGraze","NoGraze","NoGraze","16-May-19","5/28/19","357",358,0,0,0,0,0,0,0,0,0,612,621,4426,4210,3517,2280,1260,1364,1364,1364,1929,1176,21845,21,21,21,21,"#N/A","#N/A","#N/A","#N/A","#N/A","#N/A","#N/A","#N/A","#N/A","#N/A","#N/A","#N/A","#N/A","#N/A","#N/A","Hatched"
"2","F5472N1_20","PAVA",2020,1,"Adult","Hatched",1,"No",5,0,"20-May-20",20141,"F5472N1_20_20141","5/18/20",2,3,"#N/A",1.02,3.75,11.19,18.67,2.31,"21-May-20",9.21,8.15,1.31,5.77,"ARTRW8","ARTRW8",50,125,116,0.673197591,0.410960407,0.790530791,0.819166336,0.714238035,0.681618632,0.683723892,NA,"East-West","ARAR8",665,13.6969697,1455,24.25,19.88872727,0,6,"Yes","Yes","Yes","No","Yes","No",0,0,0,1,1,"NoGraze","NoGraze","NoGraze","16-May-19","5/28/19","357",358,0,0,0,0,0,0,0,0,0,23,21,3896,3688,2592,2062,893,958,958,958,1004,954,21028,15,15,16,16,"#N/A","#N/A","#N/A","#N/A","#N/A","#N/A","#N/A","#N/A","#N/A","#N/A","#N/A","#N/A","#N/A","#N/A","#N/A","Hatched"
"3","FX0281N1_20","PAVA",2020,1,"Adult","Failed",1,"No",7,0,"9-May-20",20130,"FX0281N1_20_20130","5/8/20",1,2,"1",0,-3.72,4.94,13.61,-7.33,"28-May-20",15.52,11.71,1.61,0.62,"ARTRW8","NoShrub",63,118,75,0.34827926,0.698109006,0.792177763,0.920528086,0.435343781,0.638887579,0.711539659,NA,"East-West","ARAR8",148,13.8,1574,26.23,29.52437729,0,0,"Yes","No","Yes","Yes","Yes","No",0,0,0,1,1,"NoGraze","NoGraze","NoGraze","16-May-19","5/28/19","357",347,0,0,0,0,0,0,0,0,0,593,21,3587,5165,6173,152,3815,4043,152,152,1513,531,22898,19,21,20,20,"0","1","0","0","0","0","0","1","0","0","1","0","0","1","1","Corvid"
"4","FX0692N1_21","PAVA",2021,1,"Adult","Hatched",1,NA,6,0,"24-May-21",21144,"FX0692N1_21_21144","5/20/21",4,5,"#N/A",2.41,0.04,5.61,10.93,-1.35,"26-May-21",15.78,5.87,1.97,0,"ARAR8","NoShrub",45,82,48,0.789559141,0.262219316,0.964777109,0.705061866,0.759015334,0.696126553,0.672768406,NA,"East-West","ARAR8",837,22.09090909,1341,22.35,20.31818182,0,0,"Yes","No","No","Yes","No","No",0,0,0,2,1,"NoGraze","NoGraze","NoGraze","16-May-19","5/28/19","357",727,0,0,0,0,0,0,0,0,0,170,175,4314,3698,3108,2476,912,913,913,913,1519,1310,21532,18,17,17,17,"#N/A","#N/A","#N/A","#N/A","#N/A","#N/A","#N/A","#N/A","#N/A","#N/A","#N/A","#N/A","#N/A","#N/A","#N/A","Hatched"
"5","FX0676N1_21","PAVA",2021,2,"Adult","Hatched",1,NA,7,0,"24-May-21",21144,"FX0676N1_21_21144","5/20/21",4,5,"#N/A",2.35,-0.33,5.43,10.97,-1.11,"26-May-21",21.34,11.81,2.49,0,"ARTRW8","NoShrub",47,107,66,0.76874861,0.689869783,0.917801701,0.530843689,0.263545774,0.634161911,0.600515237,NA,"East-West","ARTRW8",676,31.55555556,1325,22.08,32.35185185,0,4,"Yes","No","Yes","No","Yes","Yes",0,0,0,2,2,"19-May-21","18-Jun-21","510","19-May-19","10-Jun-19","550",0,1,1,0,1,0,1,3,55.23287671,0.02028688,1358,217,1599,1419,3950,849,2057,2057,849,849,766,1335,26793,17,16,16,15,"#N/A","#N/A","#N/A","#N/A","#N/A","#N/A","#N/A","#N/A","#N/A","#N/A","#N/A","#N/A","#N/A","#N/A","#N/A","Hatched"
"6","F5217N1_20","PAVA",2020,3,"Adult","Hatched",1,"No",5,0,"1-Jun-20",20153,"F5217N1_20_20153","5/29/20",3,4,"#N/A",0.08,7.13,15.8,24.44,1.87,"5-Jun-20",22.57,18.4,-9.64,0.31,"ARTRV","SYAL",111,410,215,0.955639041,0.999828283,0.99723309,0.997839206,1,0.990107924,0.998725145,NA,"East-West","ARTRV",890,48.55172414,3060,51,40.90576009,0,3,"Yes","No","Yes","Yes","No","No",0,0,0,1,3,"NoGraze","NoGraze","NoGraze","23-Jun-17","24-Jul-17","223",1043,0,0,0,0,0,0,0,0,0,74,500,3426,1379,626,11,1011,5040,11,11,310,1090,31051,37,36,35,33,"#N/A","#N/A","#N/A","#N/A","#N/A","#N/A","#N/A","#N/A","#N/A","#N/A","#N/A","#N/A","#N/A","#N/A","#N/A","Hatched"
"7","F5449N1_20","PAVA",2020,3,"Adult","Hatched",1,"No",6,0,"15-Jun-20",20167,"F5449N1_20_20167","6/12/20",3,4,"#N/A",0,5.63,14.48,23.37,-1.37,"19-Jun-20",25.56,15.01,2.53,0.12,"ARTR4","ARTR4",57,183,123,0.941432818,1,1,0.989216941,0.999593035,0.986048559,0.997202494,NA,"East-West","ARTR4",867,36.08333333,2347,39.12,40.41363636,0,16,"No","No","No","Yes","No","No",0,0,0,1,3,"NoGraze","NoGraze","NoGraze","23-Jun-17","24-Jul-17","223",1057,0,0,0,0,0,0,0,0,0,1033,370,4730,2202,2201,1047,3035,3168,1047,1047,1316,386,31015,34,33,32,31,"#N/A","#N/A","#N/A","#N/A","#N/A","#N/A","#N/A","#N/A","#N/A","#N/A","#N/A","#N/A","#N/A","#N/A","#N/A","Hatched"
"8","FX0170N1_21","PAVA",2021,3,"Adult","Failed",1,NA,7,0,"14-May-21",21134,"FX0170N1_21_21134","5/12/21",2,3,"1",0,-3.78,5.75,15.14,-6.22,"1-Jun-21",19.15,12.25,1.48,0,"ARTRW8","NoShrub",68,120,87,0.656238388,0.382699371,0.80094842,0.752092309,0.261208418,0.570637381,0.54923713,NA,"East-West","ARTR4",188,17.91666667,1149,19.15,22.41380952,0,14,"Yes","No","Yes","Yes","Yes","No",0,0,0,2,3,"NoGraze","NoGraze","NoGraze","23-Jun-17","24-Jul-17","223",1390,0,0,0,0,0,0,0,0,0,1041,4,3975,1733,2479,1747,2993,2993,1747,1733,1742,806,30561,23,24,24,25,"0","0","1","0","0","0","0","0","1","0","0","1","1","0","1","Coyote"
"9","FX0773N1_21","PAVA",2021,3,"Adult","Failed",1,NA,4,0,"24-May-21",21144,"FX0773N1_21_21144","5/20/21",4,5,"1",2.92,-0.71,4.89,10.38,-1.46,"7-Jun-21",18.35,11.64,1.72,0,"ARTR4","ARTRW8",45,138,69,0.361085687,0.902088165,0.828053501,0.984172839,0.395080192,0.694096077,0.777348674,NA,"East-West","ARAR8",35,9.5,1439,23.98,16.14129759,0,4,"No","No","No","No","No","No",0,0,0,2,3,"NoGraze","NoGraze","NoGraze","23-Jun-17","24-Jul-17","223",1400,0,0,0,0,0,0,0,0,0,521,135,3518,1455,2687,1715,2921,3097,1715,1455,1896,1299,30170,22,22,22,22,"0","0","1","0","0","0","0","0","1","0","0","1","1","0","1","Coyote"
"10","FX0162N1_21","PAVA",2021,4,"Adult","Failed",1,NA,8,0,"14-May-21",21134,"FX0162N1_21_21134","5/12/21",2,3,"1",0,-3.78,5.72,15.17,-6.31,"31-May-21",13.54,8.1,1.24,0.12,"ARTRW8","ARTRW8",54,161,112,0.729755838,0.492002077,0.92607165,0.832797129,0.92091409,0.780308157,0.792946237,NA,"East-West","ARTRW8",548,29.69565217,981,16.35,28.04227053,0,4,"Yes","No","No","No","No","No",0,0,0,2,4,"11-Jun-21","20-Jun-21","203","29-Jul-20","6-Aug-20","250",281,1,1,0,1,0,0,0,0,0,458,359,1921,79,3303,493,786,2603,493,79,137,424,28115,14,15,14,15,"0","0","1","0","0","0","0","0","1","0","0","1","1","0","1","Coyote"
"11","FX0779N2_21","PAVA",2021,4,"Yearling","Failed",2,NA,6,0,"24-May-21",21144,"FX0779N2_21_21144","5/21/21",3,4,"1",3.73,-1.26,3.52,8.17,-1.76,"14-Jun-21",23.03,12.52,1.59,0.87,"ARTRW8","NoShrub",72,152,146,0.614617319,0.697663122,100,0.819723608,0.699228675,20.56624654,25.55415385,NA,"East-West","ARTRW8",851,48,1279,21.32,24.29230769,0,1,"Yes","No","Yes","No","Yes","No",0,0,0,2,4,"11-Jun-21","20-Jun-21","203","29-Jul-20","6-Aug-20","250",291,1,1,0,1,0,0,0,0,0,350,233,2879,494,2668,1130,1218,3612,1130,494,822,206,28523,9,12,12,13,"0","0","1","0","0","0","0","0","1","0","0","1","1","0","1","Coyote"
"12","F5246N1_21","PAVA",2021,5,"Adult","Failed",1,NA,9,0,"10-May-21",21130,"F5246N1_21_21130","5/7/21",3,4,"1",0,-3.07,6.15,15.19,-6.43,"2-Jun-21",28.71,12.45,2.28,0,"ARTRW8","ARTRW8",69,139,130,0.87643123,0.56447677,100,0.893552602,0.296756015,20.52624332,25.43869635,NA,"East-West","ARTR4",184,22.6,1700,28.33,26.1531746,0,1,"No","No","No","No","No","No",0,0,0,2,5,"NoGraze","NoGraze","NoGraze","4-Jun-20","30-Jun-20","248",314,0,0,0,0,0,0,0,0,0,826,438,3262,1274,1656,304,894,894,304,304,1161,1139,31954,19,18,20,21,"0","0","1","0","0","0","0","0","1","0","0","1","1","0","1","Coyote"
"13","FX0214N1_20","PAVA",2020,5,"Adult","Hatched",1,"No",7,1,"26-May-20",20147,"FX0214N1_20_20147","5/23/20",3,4,"#N/A",0.76,-5.31,0.17,5.69,-5.31,"4-Jun-20",21.03,12.92,2.21,0.09,"ARTRV","NoShrub",67,74,42,0.883796447,0.679823422,0.765649776,0.991979063,0.97230337,0.858710416,0.852438908,NA,"East-West","ARTRV",383,34.68421053,1140,19,32.23355263,0,13,"Yes","No","Yes","Yes","Yes","No",0,0,0,1,5,"4-Jun-20","30-Jun-20","248","26-Jun-18","25-Jul-18","240",671,1,1,0,1,0,0,0,0,0,450,423,5205,3509,1825,209,882,882,209,209,432,744,34247,29,30,29,29,"#N/A","#N/A","#N/A","#N/A","#N/A","#N/A","#N/A","#N/A","#N/A","#N/A","#N/A","#N/A","#N/A","#N/A","#N/A","Hatched"
"14","FX0433N1_20","PAVA",2020,5,"Yearling","Failed",1,"No",5,0,"27-May-20",20148,"FX0433N1_20_20148","5/24/20",3,4,"1",0.17,-2.04,5.04,12.11,-2.13,"9-Jun-20",23.42,14.36,2.09,0.87,"ARTRW8","ARTRW8",68,147,107,0.749055731,0.898215019,0.764964299,0.359928845,0.448771708,0.64418712,0.617969968,NA,"East-West","ARTRV",302,71.83333333,1559,25.98,34.69764957,0,9,"Yes","No","No","Yes","No","No",0,0,0,1,5,"4-Jun-20","30-Jun-20","248","26-Jun-18","25-Jul-18","240",672,1,1,0,1,0,0,0,0,0,1033,739,3448,1679,1403,630,579,579,579,579,1367,1061,32265,21,21,20,20,"1","0","0","0","0","0","0","1","0","0","1","0","0","0","1","Corvid"
"15","FX0604N1_21","PAVA",2021,5,"Yearling","Hatched",1,NA,9,0,"26-May-21",21146,"FX0604N1_21_21146","5/23/21",3,4,"#N/A",3.13,-0.93,4.54,9.87,-1.28,"31-May-21",15.72,11.13,1.25,0,"ARTRV","ARTRW8",54,111,84,0.675466621,0.842930051,0.597931168,0.921482256,0.525090409,0.712580101,0.721858471,NA,"East-West","ARAR8",6,14,1633,27.22,20.53333333,0,5,"No","No","No","Yes","No","No",0,0,0,2,5,"NoGraze","NoGraze","NoGraze","4-Jun-20","30-Jun-20","248",330,0,0,0,0,0,0,0,0,0,108,50,5025,126,1304,475,1515,1643,475,126,1136,997,33989,23,22,23,23,"#N/A","#N/A","#N/A","#N/A","#N/A","#N/A","#N/A","#N/A","#N/A","#N/A","#N/A","#N/A","#N/A","#N/A","#N/A","Hatched"
"16","FX0865N1_21","PAVA",2021,5,"Yearling","Failed",1,NA,7,0,"15-May-21",21135,"FX0865N1_21_21135","5/12/21",3,4,"1",0,-3.37,2.93,10.63,-8.37,"1-Jun-21",19.29,11.52,1.69,0,"ARTRV","NoShrub",65,195,126,0.857843219,0.97596696,0.937821094,0.796046892,0.895567205,0.892649074,0.901350538,NA,"East-West","ARTRV",419,33.86666667,1365,22.75,24.57983849,0,8,"Yes","No","Yes","Yes","No","No",0,0,0,2,5,"NoGraze","NoGraze","NoGraze","4-Jun-20","30-Jun-20","248",319,0,0,0,0,0,0,0,0,0,101,361,6107,239,2070,1265,824,972,972,239,275,229,35473,16,16,17,18,"0","0","1","0","0","0","0","0","1","0","0","1","1","0","1","Coyote"
"17","F5224N1_20","PAVA",2020,6,"Adult","Hatched",1,"No",8,0,"20-May-20",20141,"F5224N1_20_20141","5/18/20",2,3,"#N/A",0.89,4,11.47,18.94,2.42,"22-May-20",14.42,10.42,1.57,1.39,"ARTRW8","ARTRW8",86,234,128,0.93137058,0.612995347,0.426762434,0.955547689,0.844443953,0.754224001,0.709937356,NA,"East-West","ARTRW8",248,43.2,701,11.68,31.84365079,0,28,"Yes","No","No","No","Yes","No",0,0,0,0,6,"1-Jul-20","27-Jul-20","248","5-Jun-18","25-Jun-18","240",695,0,1,0,1,0,0,0,0,0,221,212,401,2095,3225,460,1773,2579,460,460,385,983,28953,19,18,18,18,"#N/A","#N/A","#N/A","#N/A","#N/A","#N/A","#N/A","#N/A","#N/A","#N/A","#N/A","#N/A","#N/A","#N/A","#N/A","Hatched"
"18","F5224N1_21","PAVA",2021,6,"Adult","Failed",1,NA,8,0,"3-May-21",21123,"F5224N1_21_21123","4/30/21",3,4,"1",0,1.78,12.35,22.5,-2.87,"7-Jun-21",13.64,7.16,1.2,0.59,"ARTRW8","NoShrub",67,117,105,0.922961898,0.876962548,0.171673799,0.814534095,0.966336773,0.750493823,0.707376804,NA,"East-West","ARTRW8",503,34.36842105,1033,17.22,20.54498937,0,9,"Yes","No","No","No","No","No",1,0,0,0,6,"21-Jun-21","3-Jul-21","203","1-Jul-20","27-Jul-20","248",280,0,1,0,1,0,0,0,0,0,277,157,457,528,3192,405,1722,2634,405,405,439,1034,29007,18,17,17,18,"0","0","1","0","0","0","0","0","1","0","0","1","1","0","1","Coyote"
"19","F5232N1_21","PAVA",2021,6,"Adult","Failed",1,NA,7,0,"12-May-21",21132,"F5232N1_21_21132","5/8/21",4,5,"1",0.06,-5.94,0.81,7.43,-7.87,"7-Jun-21",11.65,6.82,1.12,0.61,"ARTRW8","NoShrub",42,94,83,0.276477261,0.437988139,0.859744467,100,0.716156191,20.45807321,25.5034722,NA,"East-West","ARTRW8",538,25.35,1057,17.62,26.175,0,11,"No","No","No","Yes","No","No",0,0,0,0,6,"21-Jun-21","3-Jul-21","203","1-Jul-20","27-Jul-20","248",289,0,1,0,1,0,0,0,0,0,162,18,657,528,2150,279,2527,3503,279,279,514,1443,30131,15,15,15,15,"1","1","0","0","0","0","0","1","0","0","1","0","0","0","1","Corvid"
"20","F5234N1_21","PAVA",2021,6,"Adult","Hatched",1,NA,8,0,"7-Jun-21",21158,"F5234N1_21_21158","6/4/21",3,4,"#N/A",0,8.2,18.78,29.37,2.02,"8-Jun-21",11.66,6.81,1.27,0.76,"ARTRW8","NoShrub",54,179,99,0.719965048,0.820711505,0.829401358,0.936683607,0.984687378,0.858289779,0.892870962,NA,"East-West","ARTRW8",579,23.04347826,1055,17.58,20.45405138,0,11,"Yes","No","Yes","Yes","Yes","No",0,0,0,0,6,"21-Jun-21","3-Jul-21","203","1-Jul-20","27-Jul-20","248",315,0,1,0,1,0,0,0,0,0,734,207,1027,1238,2748,107,1762,3281,107,107,897,1632,29864,16,16,16,16,"#N/A","#N/A","#N/A","#N/A","#N/A","#N/A","#N/A","#N/A","#N/A","#N/A","#N/A","#N/A","#N/A","#N/A","#N/A","Hatched"
"21","FX0675N2_20","PAVA",2020,6,"Yearling","Hatched",2,"No",5,0,"20-Jun-20",20172,"FX0675N2_20_20172","6/19/20",1,2,"#N/A",0,0.67,8.61,16.61,1.72,"24-Jun-20",25.22,11.1,1.28,0.16,"ARTRV","CHVI8",56,127,111,0.623089678,0.762378657,0.831165484,0.941679221,0.954436087,0.822549825,0.872414862,NA,"East-West","ARAR8",169,17.85714286,1721,28.68,31.11160714,0,6,"No","No","No","No","No","No",0,0,0,0,6,"1-Jul-20","27-Jul-20","248","5-Jun-18","25-Jun-18","240",726,0,1,0,1,0,0,0,0,0,416,20,698,944,2545,120,2127,3253,120,120,653,1399,29880,18,18,18,18,"#N/A","#N/A","#N/A","#N/A","#N/A","#N/A","#N/A","#N/A","#N/A","#N/A","#N/A","#N/A","#N/A","#N/A","#N/A","Hatched"
"22","FX0174N1_21","PAVA",2021,7,"Yearling","Hatched",1,NA,6,0,"29-May-21",21149,"FX0174N1_21_21149","5/26/21",3,4,"0",2.71,-0.98,6.87,14.78,-0.43,"2-Jun-21",9.93,7.44,1.55,0.16,"ARTRW8","NoShrub",71,161,106,0.886244536,0.567765786,0.837449154,0.914210218,0.885287842,0.818191507,0.80117825,NA,"East-West","ARAR8",61,17.75,1215,20.25,27.25448718,0,9,"Yes","No","No","Yes","Yes","No",0,0,0,2,7,"11-Sep-21","11-Sep-21","367","6-Jun-20","27-Jun-20","494",336,0,0,0,1,0,0,0,0,0,405,190,5049,989,2673,244,748,751,244,244,512,231,19252,21,21,21,21,"0","0","0","0","0","0","0","0","0","0","0","0","0","0","0","Hatched"
"23","FX0647N1_21","SHCR",2021,9,"Adult","Failed",1,NA,7,0,"6-May-21",21126,"FX0647N1_21_21126","4/28/21",8,9,"1",0.03,-0.6,9.27,19.32,-3.99,"27-May-21",18.15,12.85,2.04,0.04,"CHNA","ARTRW8",74,135,75,0.657288714,0.957466158,0.792973915,0.523117656,0.928920846,0.771953458,0.800619644,NA,"East-West","ARTRW8",795,43.41176471,1862,31.03,48.69817927,0,1,"No","No","No","No","No","No",0,0,0,0,9,"1-Apr-21","30-Apr-21","562","21-May-20","20-Jun-20","265",6,0,0,0,0,0,0,0,0,0,348,894,12870,845,4209,71,1236,1236,71,71,3259,2224,30712,12,12,13,14,"0","0","1","0","0","0","0","0","1","0","0","1","1","0","1","Coyote"
"24","F1275N1_20","BIBU",2020,12,"Adult","Hatched",1,"No",9,0,"18-May-20",20139,"F1275N1_20_20139","5/15/20",3,4,"#N/A",0.08,-0.8,7.22,15.22,-0.22,"21-May-20",22.93,15.42,2.52,2.18,"ARTRW8","ARTRW8",57,118,78,0.508025988,0.410434498,0.707311212,0.729117582,0.478267713,0.566631399,0.581282751,NA,"East-West","ARTR4",49,22.875,1067,17.78,24.73622449,3,4,"No","No","No","Yes","No","No",0,0,0,2,12,"13-Apr-20","4-Jun-20","225","15-May-18","21-Jun-18","450",35,1,0,0,0,0,1,35,258.9041096,0.151280553,787,347,14048,2542,7022,2782,740,740,740,740,680,1235,12710,14,14,14,14,"#N/A","#N/A","#N/A","#N/A","#N/A","#N/A","#N/A","#N/A","#N/A","#N/A","#N/A","#N/A","#N/A","#N/A","#N/A","Hatched"
"25","F5284N1_21","BIBU",2021,12,"Adult","Hatched",1,NA,6,0,"19-May-21",21139,"F5284N1_21_21139","5/17/21",2,3,"#N/A",0,4.61,14.81,25.11,1.36,"24-May-21",21.69,14.18,2.19,0,"ARTRW8","ARTR4",87,122,108,0.876367622,0.956803521,0.726658318,0.468632907,0.859464733,0.77758542,0.75288987,NA,"East-West","ARTR4",169,30.8,1551,25.85,33.26306944,0,8,"Yes","No","No","Yes","Yes","Yes",0,0,0,3,12,"3-Aug-21","10-Sep-21","447","13-Apr-20","4-Jun-20","225",349,0,0,0,0,0,0,0,0,0,315,706,15366,1563,8031,3863,1564,1564,1564,1563,1140,445,12337,20,20,20,19,"#N/A","#N/A","#N/A","#N/A","#N/A","#N/A","#N/A","#N/A","#N/A","#N/A","#N/A","#N/A","#N/A","#N/A","#N/A","Hatched"
"26","FX0303N1_20","BIBU",2020,12,"Yearling","Hatched",1,"No",5,0,"24-May-20",20145,"FX0303N1_20_20145","5/20/20",4,5,"#N/A",3.37,2.29,7.99,13.68,2.78,"29-May-20",24.8,18.73,3.03,1.79,"ARTR4","GUSA2",52,78,70,0.60311779,0.651436279,0.750950719,0.926624228,0.850578631,0.756541529,0.794897464,NA,"East-West","ARTR4",46,16.8,648,10.8,19.34583333,4,0,"No","No","No","No","No","No",0,0,0,2,12,"13-Apr-20","4-Jun-20","225","15-May-18","21-Jun-18","450",0,1,0,0,0,0,1,40,295.890411,0.17289206,93,29,13391,3094,6010,3283,1684,1684,1684,1684,1637,312,11901,15,14,14,14,"#N/A","#N/A","#N/A","#N/A","#N/A","#N/A","#N/A","#N/A","#N/A","#N/A","#N/A","#N/A","#N/A","#N/A","#N/A","Hatched"
"27","FX0476N1_21","BIBU",2021,12,"Adult","Hatched",1,NA,6,0,"16-Jun-21",21167,"FX0476N1_21_21167","6/14/21",2,3,"#N/A",0,10.14,22.06,34.92,-4.28,"17-Jun-21",34.19,14.92,3.03,0,"ARTRW8","NoShrub",77,142,81,0.990575271,0.762027232,0.609291876,0.962433134,0.492368979,0.763339298,0.706530305,NA,"East-West","ARTR4",127,25.63636364,629,10.48,29.76437848,0,6,"Yes","No","No","Yes","No","No",0,0,0,3,12,"3-Aug-21","10-Sep-21","447","13-Apr-20","4-Jun-20","225",377,0,0,0,0,0,0,0,0,0,62,258,14976,1940,8702,2198,1347,1347,1347,1347,158,1443,14400,11,10,11,11,"#N/A","#N/A","#N/A","#N/A","#N/A","#N/A","#N/A","#N/A","#N/A","#N/A","#N/A","#N/A","#N/A","#N/A","#N/A","Hatched"
"28","F566N1_20","BIBU",2020,13,"Adult","Failed",1,"No",6,0,"3-Jun-20",20155,"F566N1_20_20155","6/1/20",2,3,"1",0,9.39,16.86,24.31,3.81,"9-Jun-20",21.89,16.69,2.6,0,"ARTR4","ARTR4",71,159,131,0.629383692,0.850194992,0.939505412,0.926191492,1,0.869055117,0.928972974,NA,"East-West","ARTR4",627,29.6875,1566,26.1,30.96697846,0,2,"Yes","No","No","Yes","No","No",1,0,0,2,13,"NoGraze","NoGraze","NoGraze","9-Apr-19","25-Jun-19","180",344,0,0,0,0,0,0,0,0,0,1129,306,20636,672,14851,713,2643,3829,713,672,185,317,17603,22,21,22,21,"0","0","1","0","0","0","0","0","1","0","0","1","1","0","1","Coyote"
"29","FX0222N1_20","BIBU",2020,13,"Adult","Hatched",1,"No",9,1,"17-May-20",20138,"FX0222N1_20_20138","5/14/20",3,4,"#N/A",0,0.02,7.26,14.48,0.11,"18-May-20",34.63,20.78,3.74,0,"CHNA","CHVI8",81,134,121,0.822426427,0.868473903,0.662000741,0.978882497,0.983295343,0.863015782,0.873163121,NA,"East-West","ARTR4",52,35.5,558,9.3,45.83680556,0,8,"No","No","Yes","Yes","No","No",0,0,0,2,13,"NoGraze","NoGraze","NoGraze","9-Apr-19","25-Jun-19","180",327,0,0,0,0,0,0,0,0,0,304,37,18829,1273,12228,1280,795,795,795,795,751,200,14872,18,17,17,16,"#N/A","#N/A","#N/A","#N/A","#N/A","#N/A","#N/A","#N/A","#N/A","#N/A","#N/A","#N/A","#N/A","#N/A","#N/A","Hatched"
"30","FX0222N1_21","BIBU",2021,13,"Adult","Hatched",1,NA,3,0,"24-May-21",21144,"FX0222N1_21_21144","5/21/21",3,4,"#N/A",1.52,1.96,7.7,13.28,-1.07,"28-May-21",13.7,10.63,1.47,0.41,"ARTR4","NoShrub",49,107,129,0.18344215,0.703703204,0.617545817,0.62445146,0.789087303,0.583645987,0.683696946,NA,"East-West","ARTR4",839,29.3030303,1581,26.35,22.96429815,0,12,"No","No","No","Yes","No","No",0,0,0,3,13,"12-Apr-21","9-Jul-21","203","9-Apr-19","25-Jun-19","180",0,0,0,0,0,0,0,0,0,0,8,360,18887,1588,12156,1594,675,675,675,675,644,526,14554,15,15,15,15,"#N/A","#N/A","#N/A","#N/A","#N/A","#N/A","#N/A","#N/A","#N/A","#N/A","#N/A","#N/A","#N/A","#N/A","#N/A","Hatched"
"31","FX0226N1_21","BIBU",2021,13,"Adult","Hatched",1,NA,8,0,"14-Jun-21",21165,"FX0226N1_21_21165","6/12/21",2,3,"#N/A",0,2.47,13.44,24.92,-3.17,"23-Jun-21",15.15,11.75,1.29,1.15,"ARTR4","CHVI8",40,79,38,0.210516508,0.860358174,0.268050971,0.118658364,0.457270759,0.382970955,0.426084567,NA,"East-West","ARTR4",180,31.64285714,389,6.48,20.82936508,4,5,"No","No","No","No","No","No",0,0,0,3,13,"12-Apr-21","9-Jul-21","203","9-Apr-19","25-Jun-19","180",0,0,0,0,0,0,0,0,0,0,66,67,19135,1352,12479,1331,1001,1001,1001,1001,964,438,14814,13,13,15,15,"#N/A","#N/A","#N/A","#N/A","#N/A","#N/A","#N/A","#N/A","#N/A","#N/A","#N/A","#N/A","#N/A","#N/A","#N/A","Hatched"
"32","FX0229N1_21","BIBU",2021,13,"Adult","Hatched",1,NA,8,0,"24-May-21",21144,"FX0229N1_21_21144","5/21/21",3,4,"#N/A",1.52,1.96,7.7,13.28,-1.07,"28-May-21",30.96,15.61,1.86,0,"ARTR4","NoShrub",43,73,83,0.516121802,0.960348841,0.97014628,0.97118249,0.19215591,0.721991065,0.77345838,NA,"East-West","ARTR4",737,38.38709677,1607,26.78,23.10866571,0,4,"Yes","No","Yes","No","No","No",0,0,0,3,13,"12-Apr-21","9-Jul-21","203","9-Apr-19","25-Jun-19","180",0,0,0,0,0,0,0,0,0,0,1234,324,19464,419,13680,333,2945,2945,333,333,362,320,17097,19,19,19,19,"#N/A","#N/A","#N/A","#N/A","#N/A","#N/A","#N/A","#N/A","#N/A","#N/A","#N/A","#N/A","#N/A","#N/A","#N/A","Hatched"
"33","FX0301N1_20","BIBU",2020,13,"Yearling","Hatched",1,"No",3,0,"25-May-20",20146,"FX0301N1_20_20146","5/23/20",2,3,"#N/A",6.1,0.83,5.19,9.56,2.33,"28-May-20",25.96,20.88,-9,0.2,"ARTR4","ARTR4",62,197,145,0.757702599,0.961744724,0.922781985,1,0.999680031,0.928381868,0.971051685,"part of ball cut off in photo. Aerial.","East-West","ARTR4",1084,34.98113208,2420,40.33,32.86984442,0,16,"Yes","No","No","Yes","No","No",0,0,0,2,13,"NoGraze","NoGraze","NoGraze","9-Apr-19","25-Jun-19","180",335,0,0,0,0,0,0,0,0,0,481,31,18638,1228,12085,1237,736,736,736,736,688,194,14942,21,19,19,17,"#N/A","#N/A","#N/A","#N/A","#N/A","#N/A","#N/A","#N/A","#N/A","#N/A","#N/A","#N/A","#N/A","#N/A","#N/A","Hatched"
"34","FX0347N1_20","BIBU",2020,13,"Yearling","Failed",1,"No",7,0,"1-May-20",20122,"FX0347N1_20_20122","4/29/20",2,3,"1",0.25,1.17,11.89,22.64,0.39,"11-May-20",24.2,16.89,3.35,0.95,"CHVI8","CHVI8",55,102,46,0.584114113,0.646404117,0.616281885,0.907007932,0.935285941,0.737818798,0.776244969,NA,"East-West","ARTR4",367,30.86666667,1021,17.02,31.37666667,0,14,"Yes","No","No","Yes","No","No",1,0,0,2,13,"NoGraze","NoGraze","NoGraze","9-Apr-19","25-Jun-19","180",311,0,0,0,0,0,0,0,0,0,118,804,17353,1179,10350,2958,1182,1183,1183,1179,813,34,13498,15,15,16,16,"0","0","1","0","0","0","0","0","1","0","0","1","1","0","1","Coyote"
"35","FX0365N1_21","BRBE",2021,14,"Yearling","Hatched",1,NA,6,0,"28-May-21",21148,"FX0365N1_21_21148","5/26/21",2,3,"#N/A",0.25,1.25,8.31,15.28,0.25,"1-Jun-21",35.01,31.85,5.72,0.17,"ARTRW8","ARNO4",53,141,114,0.866176584,0.936968863,0.708181397,0.969971582,0.956529189,0.887565523,0.892912758,NA,"East-West","ARNO4",85,22,1402,23.37,20.98996139,0,0,"Yes","No","No","Yes","Yes","No",0,0,0,5,14,"NoGraze","NoGraze","NoGraze","5-Sep-15","5-Sep-15","320",2092,0,0,0,0,0,0,0,0,0,55,10,2381,600,3176,291,3159,3159,291,291,596,4327,8925,26,24,24,22,"#N/A","#N/A","#N/A","#N/A","#N/A","#N/A","#N/A","#N/A","#N/A","#N/A","#N/A","#N/A","#N/A","#N/A","#N/A","Hatched"
"36","FX0390N1_21","BRBE",2021,14,"Adult","Hatched",1,NA,6,0,"24-May-21",21144,"FX0390N1_21_21144","5/21/21",3,4,"#N/A",2.46,0.28,5.94,11.74,-0.59,"24-May-21",20.5,16.22,3.76,0.14,"ARNO4","NoShrub",63,167,140,0.362237153,0.782225483,0.775915406,0.753802233,0.751682208,0.685172497,0.765906333,NA,"East-West","ARNO4",484,23.27586207,1339,22.32,27.22521552,0,2,"Yes","No","No","Yes","No","No",0,0,0,5,14,"NoGraze","NoGraze","NoGraze","5-Sep-15","5-Sep-15","320",2088,0,0,0,0,0,0,0,0,0,445,28,1029,1029,872,1131,857,857,857,857,1122,1267,5999,17,19,18,18,"#N/A","#N/A","#N/A","#N/A","#N/A","#N/A","#N/A","#N/A","#N/A","#N/A","#N/A","#N/A","#N/A","#N/A","#N/A","Hatched"
"37","F5293N1_21","BRBE",2021,15,"Adult","Failed",1,NA,6,0,"7-May-21",21127,"F5293N1_21_21127","5/5/21",2,3,"1",0,-0.19,9.58,19.64,-4.11,"15-May-21",17.37,13.21,2.31,0,"ARNO4","NoShrub",49,142,118,0.940144193,0.737627209,0.432215985,0.77722303,0.979649157,0.773371915,0.731678845,NA,"East-West","ARNO4",590,28.8,1530,25.5,23.63229167,0,26,"No","No","No","Yes","No","No",0,0,0,5,15,"NoGraze","NoGraze","NoGraze","24-Apr-20","30-May-20","298",342,0,0,0,0,0,0,0,0,0,539,54,883,705,1886,762,1563,1563,762,705,737,924,4924,22,22,21,21,"0","0","1","0","0","0","0","0","1","0","0","1","1","0","1","Coyote"
"38","FX0396N1_20","BRBE",2020,15,"Adult","Failed",1,"No",4,0,"27-Apr-20",20118,"FX0396N1_20_20118","4/24/20",3,4,"1",0,0.67,8.37,16.09,0.81,"11-May-20",12.59,10.95,1.44,5.8,"ARNO4","CHVI8",45,137,91,0.249184668,0.751047244,0.901847541,0.473265049,0.770648014,0.629198503,0.724201962,NA,"East-West","ARNO4",810,25.52173913,1525,25.42,23.08498024,2,15,"Yes","No","No","Yes","No","No",0,0,0,4,15,"24-Apr-20","30-May-20","298","26-May-18","2-Jun-18","160",0,1,0,0,0,0,1,2,19.59452055,0.031720983,352,267,2412,452,3256,905,2524,2524,905,452,951,1123,4003,18,19,19,20,"0","0","1","0","0","0","0","0","1","0","0","1","1","0","1","Coyote"
"39","FX0357N1_21","BRBE",2021,16,"Adult","Hatched",1,NA,5,1,"4-Jun-21",21155,"FX0357N1_21_21155","6/1/21",3,4,"#N/A",0,7.94,18.11,28.74,0.98,"10-Jun-21",18.41,11.99,3.19,19.74,"ARTRW8","NoShrub",92,152,126,0.9910689,0.7295546,0.945562866,0.850638472,0.818990432,0.867163054,0.836186593,NA,"East-West","ARTRW8",362,36.21428571,804,13.4,34.94099379,3,6,"No","No","No","Yes","No","No",0,0,0,5,16,"16-May-21","2-Jun-21","147","21-Apr-19","26-May-19","165",2,0,0,0,0,0,0,0,0,0,132,1,2254,1019,4756,141,1222,1222,141,141,1243,1469,3925,12,12,12,13,"#N/A","#N/A","#N/A","#N/A","#N/A","#N/A","#N/A","#N/A","#N/A","#N/A","#N/A","#N/A","#N/A","#N/A","#N/A","Hatched"
"40","FX0383N1_21","BRBE",2021,16,"Yearling","Hatched",1,NA,7,0,"21-May-21",21141,"FX0383N1_21_21141","5/19/21",2,3,"#N/A",0,2.53,11.56,20.81,-0.31,"27-May-21",12.88,10.17,2.52,1.98,"ARNO4","NoShrub",47,111,102,0.818354734,0.599902636,0.783861608,0.823904726,0.476131482,0.700431037,0.670950113,NA,"East-West","ARNO4",777,17.07692308,1665,27.75,19.10776663,0,5,"Yes","No","No","Yes","Yes","No",0,0,0,5,16,"16-May-21","2-Jun-21","147","21-Apr-19","26-May-19","166",0,0,0,0,0,0,0,0,0,0,420,308,3223,494,5154,828,2210,2210,828,494,1011,2290,3136,19,18,18,17,"#N/A","#N/A","#N/A","#N/A","#N/A","#N/A","#N/A","#N/A","#N/A","#N/A","#N/A","#N/A","#N/A","#N/A","#N/A","Hatched"
"41","FX0426N1_21","BRBE",2021,16,"Yearling","Failed",1,NA,7,0,"14-May-21",21134,"FX0426N1_21_21134","5/12/21",2,3,"1",0,-2,8.83,20,-6.22,"27-May-21",15.65,13.38,2.75,5.19,"ARNO4","NoShrub",47,96,87,0.899997997,0.936419362,0.868951533,0.849720958,0.776398197,0.866297609,0.857872513,NA,"East-West","ARNO4",724,23.6875,1550,25.83,23.8175,5,5,"Yes","No","No","Yes","No","No",0,0,0,5,16,"16-May-21","2-Jun-21","147","21-Apr-19","26-May-19","167",719,0,0,0,0,0,0,0,0,0,238,247,1194,1474,3733,519,1267,1267,519,519,1097,318,5104,20,22,21,22,"0","0","1","0","0","0","0","0","1","0","0","1","1","0","1","Coyote"
"42","FX0619N1_21","BRBE",2021,16,"Adult","Failed",1,NA,4,0,"10-May-21",21130,"FX0619N1_21_21130","5/7/21",3,4,"1",0,0.98,9.76,18.72,-5.15,"13-May-21",13.68,10.25,2.81,0,"ARTRW8","NoShrub",56,131,143,0.828639488,0.926671781,0.656958861,0.774271086,0.946319084,0.82657206,0.826055203,NA,"East-West","ARNO4",199,20.81818182,1228,20.47,27.9005772,0,6,"Yes","No","No","Yes","Yes","No",0,0,0,5,16,"16-May-21","2-Jun-21","147","21-Apr-19","26-May-19","168",715,0,0,0,0,0,0,0,0,0,597,90,2751,772,4948,386,1838,1838,386,386,1344,1817,3590,21,21,21,21,"0","0","1","0","0","0","0","0","1","0","0","1","1","0","1","Coyote"
"43","FX0122N1_20","BRBE",2020,17,"Adult","Hatched",1,"No",10,4,"18-May-20",20139,"FX0122N1_20_20139","5/15/20",3,4,"#N/A",0.59,0.19,8.09,16,-0.19,"25-May-20",13.42,11.19,1.93,0,"ARNO4","NoShrub",34,129,127,0.322773329,0.862772035,0.353975474,0.957737491,0.929752122,0.68540209,0.77605928,NA,"East-West","ARNO4",1064,17.18181818,2327,38.78,16.07774295,0,0,"No","No","No","Yes","No","No",0,0,0,0,17,"NoGraze","NoGraze","NoGraze","4-Apr-19","11-Jun-19","168",342,0,0,0,0,0,0,0,0,0,1246,1330,3670,1912,1929,1186,6195,7131,1186,1186,1574,7626,6353,21,21,21,21,"#N/A","#N/A","#N/A","#N/A","#N/A","#N/A","#N/A","#N/A","#N/A","#N/A","#N/A","#N/A","#N/A","#N/A","#N/A","Hatched"
"44","FX0208N1_20","BRBE",2020,17,"Adult","Hatched",1,"No",4,0,"13-May-20",20134,"FX0208N1_20_20134","5/11/20",2,3,"#N/A",0,5.03,15.36,25.72,-2.19,"18-May-20",19.57,11.8,1.97,0,"ARNO4","NoShrub",29,74,50,0.713228689,0.946502755,0.741152111,0.120028906,0.410146632,0.586211819,0.554457601,"part of ball cut off in photo. Aerial.","East-West","ARNO4",655,20.08,1383,23.05,20.21047619,0,0,"Yes","No","No","No","No","No",0,1,0,0,17,"NoGraze","NoGraze","NoGraze","4-Apr-19","11-Jun-19","168",337,0,0,0,0,0,0,0,0,0,1348,810,2701,1470,3169,1118,5071,5071,1118,1118,393,5667,6747,19,20,21,22,"#N/A","#N/A","#N/A","#N/A","#N/A","#N/A","#N/A","#N/A","#N/A","#N/A","#N/A","#N/A","#N/A","#N/A","#N/A","Hatched"
"45","FX0629N1_20","BRBE",2020,17,"Adult","Hatched",1,"Yes",9,0,"1-Jun-20",20153,"FX0629N1_20_20153","5/29/20",3,4,"#N/A",0,9.83,20.41,30.93,5.3,"5-Jun-20",26.14,10.14,2.21,0.71,"ARTRT","NoShrub",89,86,78,0.993202783,0.755963992,0.297318087,0.977783719,0.969353153,0.798724347,0.750104738,NA,"East-West","ARTRT",239,59.2,971,16.18,54.55297619,0,11,"No","No","No","No","No","No",0,0,0,0,17,"NoGraze","NoGraze","NoGraze","4-Apr-19","11-Jun-19","168",356,0,0,0,0,0,0,0,0,0,1675,998,2685,2452,2722,1620,6161,6161,1620,1620,1642,6604,6005,15,15,16,16,"#N/A","#N/A","#N/A","#N/A","#N/A","#N/A","#N/A","#N/A","#N/A","#N/A","#N/A","#N/A","#N/A","#N/A","#N/A","Hatched"
"46","FX0213N1_21","BIBU",2021,18,"Adult","Hatched",1,NA,8,0,"17-May-21",21137,"FX0213N1_21_21137","5/14/21",3,4,"#N/A",0,5.96,13.83,21.87,-1.17,"24-May-21",16.86,13.13,2,0,"ARTR4","NoShrub",38,84,64,0.598491924,0.776212204,0.855909262,0.646804792,0.889188916,0.75332142,0.792028794,NA,"East-West","ARTR4",844,30.41935484,1675,27.92,19.85362263,0,15,"Yes","No","No","Yes","No","No",0,1,0,0,18,"28-Jun-21","4-Aug-21","394","6-May-20","1-Jul-20","398",320,0,0,0,0,0,0,0,0,0,77,163,18285,1565,11390,2227,309,309,309,309,283,1074,13987,13,12,12,13,"#N/A","#N/A","#N/A","#N/A","#N/A","#N/A","#N/A","#N/A","#N/A","#N/A","#N/A","#N/A","#N/A","#N/A","#N/A","Hatched"
"47","FX0337N1_20","BIBU",2020,18,"Adult","Failed",1,"No",6,0,"13-May-20",20134,"FX0337N1_20_20134","5/11/20",2,3,"1",0,2.86,13.31,23.78,-0.5,"1-Jun-20",22.08,16.69,3.14,4.13,"ARTRW8","ARTR4",95,184,132,0.984292661,0.455744795,0.754451438,0.947773312,0.232122357,0.674876913,0.597522975,NA,"East-West","ARTR4",33,33,1060,17.67,32.77829314,0,13,"No","No","No","Yes","No","No",0,0,0,0,18,"6-May-20","1-Jul-20","398","5/21/19","22-Jul-19","378",0,1,1,0,1,0,1,7,41.42465753,0.011134119,400,124,18660,1593,11691,1862,594,594,594,594,562,1195,13874,15,14,14,14,"0","0","1","0","0","0","0","0","1","0","0","1","1","0","1","Coyote"
"48","FX0347N2_20","BIBU",2020,18,"Yearling","Failed",2,"No",7,0,"24-May-20",20145,"FX0347N2_20_20145","5/21/20",3,4,"1",4.83,1.81,6.57,11.3,2.48,"10-Jul-20",17.5,11.98,2.16,1.09,"ARTRT","ARTRT",99,187,109,0.803698058,0.876197376,0.980844654,0.990506795,0.053466225,0.740942622,0.725253762,NA,"East-West","ARTR4",506,53.66666667,1288,21.47,43.67857143,0,28,"No","No","No","No","No","No",0,0,0,0,18,"6-May-20","1-Jul-20","398","5/21/19","22-Jul-19","378",0,1,1,0,1,0,1,21,134.7945205,0.03623007,217,620,17688,904,10594,2919,941,941,941,904,671,384,13337,11,11,11,12,"0","0","1","0","0","0","0","0","1","0","0","1","1","0","1","Coyote"
"49","FX0396N1_21","BRBE",2021,19,"Adult","Hatched",1,NA,8,0,"18-May-21",21138,"FX0396N1_21_21138","5/13/21",5,6,"0",0.2,5.37,13.04,20.87,-0.62,"18-May-21",23.99,19.67,3.65,0.57,"ARNO4","NoShrub",48,137,98,0.630814746,0.287821048,0.984139796,0.782212286,0.61733622,0.660464819,0.667877338,NA,"East-West","ARNO4",707,29.33333333,1542,25.7,26.5995671,0,6,"Yes","No","No","Yes","Yes","No",0,0,0,0,19,"3-Jun-21","15-Jun-21","222","5-Nov-20","13-Nov-20","298",186,0,0,0,0,0,0,0,0,0,737,678,2270,1625,2761,411,868,868,411,411,1552,852,5477,17,17,18,18,"0","0","0","0","0","0","0","0","0","0","0","0","0","0","0","Hatched"
"50","FX0609N1_21","BRBE",2021,19,"Adult","Failed",1,NA,3,0,"11-May-21",21131,"FX0609N1_21_21131","5/6/21",5,6,"1",0,-0.14,8.26,16.7,-6.19,"18-May-21",21.43,16.34,2.79,1.07,"ARTRW8","NoShrub",85,89,122,0,0.840135859,100,100,0.974484312,40.36292403,50.45365504,NA,"East-West","ARTRW8",572,39.1,1210,20.17,50.74047619,0,11,"No","No","No","Yes","Yes","No",0,0,0,0,19,"3-Jun-21","15-Jun-21","222","5-Nov-20","13-Nov-20","298",179,0,0,0,0,0,0,0,0,0,602,47,2046,1095,2370,126,428,434,126,126,889,214,6136,18,19,18,19,"0","0","1","0","0","0","0","0","1","0","0","1","1","0","1","Coyote"
"51","F5283N1_21","BIBU",2021,20,"Yearling","Hatched",1,NA,7,0,"28-May-21",21148,"F5283N1_21_21148","5/26/21",2,3,"#N/A",1.02,1.64,10,18.44,2.31,"3-Jun-21",23.25,14.88,2.45,0,"ARTR4","NoShrub",47,134,92,0.266949975,0.621677901,0.911344083,0.719649612,0.814499991,0.666824312,0.766792897,NA,"East-West","ARTR4",200,27.44444444,796,13.27,27.95005612,0,8,"No","No","No","Yes","No","No",1,0,0,0,20,"Unk","Unk","Unk","2-Jul-20","2-Aug-20","623",NA,0,0,0,0,0,0,0,0,0,702,774,12584,2733,5503,2813,1880,1880,1880,1880,1840,1065,12251,14,14,14,15,"#N/A","#N/A","#N/A","#N/A","#N/A","#N/A","#N/A","#N/A","#N/A","#N/A","#N/A","#N/A","#N/A","#N/A","#N/A","Hatched"
"52","FX0333N1_20","BIBU",2020,20,"Adult","Failed",1,"No",0,0,"2-Jun-20",20154,"FX0333N1_20_20154","5/30/20",3,4,"1",0,10.06,19.54,29.04,5.22,"9-Jul-20",30.06,18.21,3.48,0,"ARTRT","ARTRT",102,198,123,0.390009615,0.870445154,0.633384722,0.852981022,0.893772474,0.728118597,0.812645843,NA,"East-West","ARTRT",605,53.16666667,1165,19.42,25.40625,0,9,"No","No","No","Yes","No","No",0,0,0,0,20,"2-Jul-20","2-Aug-20","623","23-Jul-19","29-Aug-19","625",278,0,1,0,1,0,0,0,0,0,655,584,7771,645,2961,1447,662,4923,1447,645,582,1764,9764,16,14,15,14,"0","0","1","0","0","0","0","0","1","0","0","1","1","0","1","Coyote"
"53","FX0341N1_20","BIBU",2020,20,"Adult","Hatched",1,"No",5,0,"8-Jun-20",20160,"FX0341N1_20_20160","6/6/20",2,3,"#N/A",1.14,6.78,16.69,26.58,5.89,"15-Jun-20",21.15,15.14,2.33,0,"ARTRW8","ARTRW8",83,177,128,0.969181018,0.980880629,0.77328307,0.761145445,0.822576865,0.861413405,0.834471502,NA,"East-West","ARTR4",103,28.25,1255,20.92,31.81030303,0,9,"No","No","No","Yes","No","No",0,0,0,0,20,"2-Jul-20","2-Aug-20","623","23-Jul-19","29-Aug-19","625",284,0,1,0,1,0,0,0,0,0,467,450,13062,1524,4919,1991,943,943,943,943,2342,1424,10337,14,14,14,15,"#N/A","#N/A","#N/A","#N/A","#N/A","#N/A","#N/A","#N/A","#N/A","#N/A","#N/A","#N/A","#N/A","#N/A","#N/A","Hatched"
"54","FX0341N1_21","BIBU",2021,20,"Adult","Hatched",1,NA,5,0,"28-May-21",21148,"FX0341N1_21_21148","#N/A",100,100,"#N/A",0.39,-3.97,3.55,11.36,-6.44,"2-Jun-21",15,11.94,1.45,0,"PUTR2","NoShrub",71,211,125,0.797869185,0.744535504,0.691423831,0.723465894,0.943764965,0.780211876,0.775797549,NA,"East-West","ARTRW8",40,22.66666667,902,15.03,29.73268398,0,12,"Yes","No","No","Yes","Yes","No",1,0,0,0,20,"Unk","Unk","Unk","2-Jul-20","2-Aug-20","623",NA,0,0,0,0,0,0,0,0,0,728,619,12772,1441,4592,1711,654,654,654,654,2571,1661,10258,17,15,15,16,"#N/A","#N/A","#N/A","#N/A","#N/A","#N/A","#N/A","#N/A","#N/A","#N/A","#N/A","#N/A","#N/A","#N/A","#N/A","Hatched"
"55","FX0342N1_21","BIBU",2021,20,"Adult","Hatched",1,NA,8,0,"19-May-21",21139,"FX0342N1_21_21139","5/17/21",2,3,"#N/A",0,4.11,14.47,25.08,0.86,"24-May-21",20.54,13.03,2.25,0,"ARTR4","NoShrub",57,128,116,0.397700108,0.852219818,0.81978106,0.810624493,0.916722442,0.759409584,0.849836953,NA,"East-West","ARTR4",401,30.27272727,1331,22.18,26.43041526,0,2,"Yes","No","No","Yes","Yes","No",0,1,0,0,20,"Unk","Unk","Unk","2-Jul-20","2-Aug-20","623",NA,0,0,0,0,0,0,0,0,0,72,448,7222,1293,2701,1083,1310,5313,1083,1083,850,1937,9069,13,12,12,12,"#N/A","#N/A","#N/A","#N/A","#N/A","#N/A","#N/A","#N/A","#N/A","#N/A","#N/A","#N/A","#N/A","#N/A","#N/A","Hatched"
"56","FX0345N1_21","BIBU",2021,20,"Adult","Hatched",1,NA,5,0,"28-May-21",21148,"FX0345N1_21_21148","5/27/21",1,2,"#N/A",0,0.5,9.17,18.17,1.33,"3-Jun-21",21.65,17.46,1.85,0.14,"ARTRW8","NoShrub",78,115,93,0.939561719,0.660251703,0.459741171,0.827470671,0.330626884,0.64353043,0.569522607,NA,"East-West","ARTR4",255,54.33333333,908,15.13,29.42592593,0,17,"Yes","No","No","Yes","Yes","No",0,0,0,0,20,"Unk","Unk","Unk","2-Jul-20","2-Aug-20","623",NA,0,0,0,0,0,0,0,0,0,844,364,7959,735,3475,1283,751,5004,1283,735,599,1507,10132,17,16,16,15,"#N/A","#N/A","#N/A","#N/A","#N/A","#N/A","#N/A","#N/A","#N/A","#N/A","#N/A","#N/A","#N/A","#N/A","#N/A","Hatched"
"57","F5277N1_20","BIBU",2020,21,"Adult","Failed",1,"No",4,0,"5-May-20",20126,"F5277N1_20_20126","5/3/20",2,3,"1",0,-0.47,8.5,17.47,-4.14,"13-May-20",23.65,15.11,2.91,0,"ARTR4","ARTR4",62,181,115,0.744745782,0.99931816,0.815097891,0.916819169,0.63719842,0.822635884,0.84210841,NA,"East-West","ARTR4",326,38.44444444,1397,23.28,45.12535613,0,10,"Yes","No","No","Yes","No","No",0,0,0,2,21,"3-Aug-20","28-Aug-20","600","25-Apr-19","31-May-19","357",340,0,1,0,1,0,0,0,0,0,198,43,16311,2453,7480,4072,2957,2983,2983,2453,1076,4091,7922,15,15,15,14,"0","0","1","0","0","0","0","0","1","0","0","1","1","0","1","Coyote"
"58","FX0225N1_21","BIBU",2021,21,"Adult","Hatched",1,NA,6,0,"4-Jun-21",21155,"FX0225N1_21_21155","5/31/21",4,5,"#N/A",0,6.89,17.28,27.96,-1.53,"11-Jun-21",13.74,10.95,1.3,1.13,"ARTR4","NoShrub",47,119,114,0.368079178,0.706190097,0.743929193,0.680260773,0.651899941,0.630071836,0.695570001,NA,"East-West","ARTR4",403,24.60714286,1286,21.43,26.37065018,1,13,"Yes","No","No","Yes","Yes","No",0,0,0,3,21,"22-Apr-21","28JU21","218","3-Aug-20","28-Aug-20","600",0,0,0,0,0,0,0,0,0,0,518,389,15566,1568,7675,4601,1587,1596,1596,1568,1770,1058,10998,12,12,12,13,"#N/A","#N/A","#N/A","#N/A","#N/A","#N/A","#N/A","#N/A","#N/A","#N/A","#N/A","#N/A","#N/A","#N/A","#N/A","Hatched"
"59","F5335N1_20","SHCR",2020,22,"Adult","Hatched",1,"No",9,0,"11-May-20",20132,"F5335N1_20_20132","5/7/20",4,5,"#N/A",0,-3.24,7.92,19.06,-8.46,"15-May-20",15.94,10.81,1.72,19.06,"ARTRW8","NoShrub",68,131,75,0.927734617,0.99835402,0.947303155,0.724205453,0.565738182,0.832667085,0.808900202,NA,"East-West","ARTRT",258,85.25,1404,23.4,62.7,0,2,"Yes","No","No","No","No","No",0,0,0,3,22,"3-Apr-20","20-May-20","393","16-Apr-18","2-May-18","682",1,1,0,0,0,0,1,62,724.2082192,0.420786342,1330,1205,10997,1127,2601,68,2179,2179,68,68,1470,2172,33442,11,12,12,12,"#N/A","#N/A","#N/A","#N/A","#N/A","#N/A","#N/A","#N/A","#N/A","#N/A","#N/A","#N/A","#N/A","#N/A","#N/A","Hatched"
"60","FX0699N1_20","BRBE",2020,25,"Adult","Hatched",1,"No",8,0,"1-May-20",20122,"FX0699N1_20_20122","4/29/20",2,3,"#N/A",0.25,3.36,13.64,23.92,2.58,"4-May-20",32.7,18.65,3.76,0.11,"NoShrub","NoShrub",0,0,0,0.935140651,0.781122131,0.373845283,0.500584231,1,0.718138459,0.663887911,NA,"East-West","NoShrub",-999,-999,-909,-15.15,-463,0,17,"No","No","No","No","No","No",1,0,0,0,25,"21-Jun-20","5-Jul-20","298","2-Sep-19","27-Sep-19","330",217,0,1,1,1,0,0,0,0,0,66,84,1281,1433,1192,689,1175,1175,689,689,1120,2344,7371,13,12,13,14,"#N/A","#N/A","#N/A","#N/A","#N/A","#N/A","#N/A","#N/A","#N/A","#N/A","#N/A","#N/A","#N/A","#N/A","#N/A","Hatched"
"61","FX0207N1_20","BRBE",2020,26,"Adult","Failed",1,"No",7,0,"29-Apr-20",20120,"FX0207N1_20_20120","4/27/20",2,3,"1",0,3.44,11.36,19.31,2.19,"14-May-20",15.34,11.08,1.81,0.02,"ARTRW8","NoShrub",65,144,101,0.741265818,0.818883994,0.663379319,0.869750395,0.96723482,0.812102869,0.829812132,NA,"East-West","ARTRW8",1151,47.52,2328,38.8,33.43257143,0,21,"No","No","No","No","No","No",0,0,0,4,26,"11-Oct-20","4-Nov-20","298","22-Oct-19","29-Oct-19","330",183,0,0,1,1,0,0,0,0,0,623,140,2519,636,4844,47,981,981,47,47,1020,1139,3565,17,18,17,16,"0","0","1","0","0","0","0","0","1","0","0","1","1","0","1","Coyote"
"62","FX0284N1_21","BRBE",2021,26,"Yearling","Hatched",1,NA,9,0,"12-May-21",21132,"FX0284N1_21_21132","5/10/21",2,3,"#N/A",0,-2.64,5.08,12.92,-6.25,"1-Jun-21",10.37,8,2.23,3.39,"ARNO4","CHVI8",58,228,147,0.48340311,0.96768441,0.390562619,0.886614562,0.758861091,0.697425158,0.750930671,NA,"East-West","ARNO4",509,26.31818182,1307,21.78,24.76793831,0,7,"No","No","No","Yes","No","No",0,0,0,5,26,"16-May-21","2-Jun-21","147","11-Oct-20","4-Nov-20","298",189,0,0,0,0,0,0,0,0,0,932,302,1627,959,4009,812,711,711,711,711,695,359,4266,18,18,18,18,"#N/A","#N/A","#N/A","#N/A","#N/A","#N/A","#N/A","#N/A","#N/A","#N/A","#N/A","#N/A","#N/A","#N/A","#N/A","Hatched"
"63","FX0357N1_20","BRBE",2020,26,"Adult","Failed",1,"No",9,0,"22-Apr-20",20113,"FX0357N1_20_20113","4/20/20",2,3,"1",0,-1.14,7.56,16.22,-2.58,"4-May-20",22.38,12.8,1.83,0.03,"ARTRT","NoShrub",98,132,108,0.802575245,0.852153706,0.779591981,0.851755027,0.862110286,0.829637249,0.83640275,NA,"East-West","ARNO4",79,44,481,8.02,66.625,0,48,"No","No","No","No","No","No",0,0,0,4,26,"11-Oct-20","4-Nov-20","298","22-Oct-19","29-Oct-19","330",176,0,0,1,1,0,0,0,0,0,857,165,2271,887,4542,249,678,678,249,249,719,810,3829,13,12,12,12,"0","0","1","0","0","0","0","0","1","0","0","1","1","0","1","Coyote"
"64","F5253N1_20","SHCR",2020,27,"Adult","Failed",1,"No",6,0,"13-May-20",20134,"F5253N1_20_20134","5/11/20",2,3,"1",0,6.47,15.61,24.72,-4.33,"4-Jun-20",22.34,14.77,3.06,0,"ARTRW8","ARTRW8",81,187,101,0.764995098,0.774609284,0.508052209,0.806780444,0.983156554,0.767518718,0.768149623,NA,"East-West","ARNO4",121,26.71428571,1707,28.45,47.6525974,0,2,"No","No","No","No","No","No",0,0,0,0,27,"NoGraze","NoGraze","NoGraze","14-Jun-18","14-Jun-18","413",699,0,0,0,0,0,0,0,0,0,737,151,14611,1959,6467,640,1616,1616,640,640,1834,746,27693,15,15,15,15,"0","1","0","0","0","0","0","1","0","0","1","0","0","1","1","Corvid"
"65","F5261N2_20","SHCR",2020,27,"Adult","Hatched",2,"No",7,0,"15-Jun-20",20167,"F5261N2_20_20167","6/12/20",3,4,"#N/A",0,7.37,15.33,23.3,0.57,"25-Jun-20",20.75,14.75,3.24,0,"ARTRW8","NoShrub",83,145,114,0.960274336,0.972705285,0.28595374,0.967975171,0.828131002,0.803007907,0.763691299,NA,"East-West","ARNO4",6,29,1689,28.15,40.75151515,1,6,"No","No","No","Yes","No","No",0,0,0,0,27,"NoGraze","NoGraze","NoGraze","14-Jun-18","14-Jun-18","413",732,0,0,0,0,0,0,0,0,0,631,59,15078,803,5595,475,394,394,394,394,781,411,26502,18,18,18,18,"#N/A","#N/A","#N/A","#N/A","#N/A","#N/A","#N/A","#N/A","#N/A","#N/A","#N/A","#N/A","#N/A","#N/A","#N/A","Hatched"
"66","F5264N1_20","SHCR",2020,27,"Adult","Hatched",1,"No",5,0,"10-Jun-20",20162,"F5264N1_20_20162","6/8/20",2,3,"#N/A",2.79,0.58,4.5,8.42,-0.5,"11-Jun-20",17.63,12.54,2.47,0,"ARTRW8","ARTRW8",70,164,143,0.933083667,0.99586,0.978640843,0.958118558,0.721722159,0.917485046,0.91358539,"part of ball cut off in photo. Aerial","East-West","ARNO4",64,33.11111111,1554,25.9,48.91475783,0,6,"No","No","No","Yes","No","No",0,0,0,0,27,"NoGraze","NoGraze","NoGraze","14-Jun-18","14-Jun-18","413",727,0,0,0,0,0,0,0,0,0,517,148,14737,2127,6502,647,1826,1826,647,647,1665,656,27824,14,14,14,13,"#N/A","#N/A","#N/A","#N/A","#N/A","#N/A","#N/A","#N/A","#N/A","#N/A","#N/A","#N/A","#N/A","#N/A","#N/A","Hatched"
"67","FX0425N1_20","SHCR",2020,27,"Yearling","Hatched",1,"No",7,1,"21-May-20",20142,"FX0425N1_20_20142","5/18/20",3,4,"#N/A",15.32,2.85,8.33,13.83,2.33,"26-May-20",14.31,11.75,2.2,0.02,"ARNO4","NoShrub",52,81,79,0.683604013,0.808643669,0.849764176,0.425781003,0.470531726,0.647664917,0.638680143,NA,"East-West","ARNO4",58,47,722,12.03,42.47857143,0,3,"Yes","No","No","Yes","Yes","No",0,0,0,0,27,"NoGraze","NoGraze","NoGraze","14-Jun-18","14-Jun-18","413",707,0,0,0,0,0,0,0,0,0,160,410,13392,1080,5136,60,2792,2792,60,60,2019,772,28915,14,14,14,13,"#N/A","#N/A","#N/A","#N/A","#N/A","#N/A","#N/A","#N/A","#N/A","#N/A","#N/A","#N/A","#N/A","#N/A","#N/A","Hatched"
"68","FX0452N1_21","SHCR",2021,27,"Adult","Failed",1,NA,7,0,"17-May-21",21137,"FX0452N1_21_21137","5/12/21",5,6,"1",0.2,3.02,12.17,21.46,-3.74,"3-Jun-21",12.97,8.49,2.97,0,"ARTRW8","NoShrub",58,151,97,0.828087019,0.781091336,0.478818705,0.248024303,0.601144185,0.58743311,0.527269632,NA,"East-West","ARNO4",98,30.5,656,10.93,38.09166667,0,2,"No","No","No","Yes","Yes","No",2,0,0,0,27,"16-Oct-21","10-Nov-21","726","14-Jun-18","14-Jun-18","413",1068,0,0,0,0,0,0,0,0,0,503,175,13861,1655,5702,322,2197,2197,322,322,1958,513,28323,13,13,13,13,"0","0","1","0","0","0","0","0","1","0","0","1","1","0","1","Coyote"
"69","FX0513N1_21","JISA",2021,28,"Adult","Failed",1,NA,10,0,"18-May-21",21138,"FX0513N1_21_21138","5/16/21",2,3,"1",3.43,5.61,13.61,22.11,4.89,"27-May-21",13.79,11,2.23,0,"ARTRW8","NoShrub",73,149,114,0.679345851,0.554820793,0.852960803,0.792932627,0.949723717,0.765956758,0.787609485,NA,"East-West","ARAR8",250,25.64285714,1220,20.33,31.4378663,0,5,"No","No","No","Yes","No","No",0,0,0,0,28,"15-May-21","7-Jun-21","201","1-Apr-20","9-Jun-20","138",0,0,0,0,0,0,0,0,0,0,85,333,2757,3815,1269,222,1259,2487,222,222,972,334,2360,22,22,21,21,"0","1","0","0","0","0","0","1","0","0","1","0","0","1","1","Corvid"
"70","FX0123N1_20","JISA",2020,29,"Adult","Hatched",1,"No",7,2,"14-May-20",20135,"FX0123N1_20_20135","5/12/20",2,3,"#N/A",0,7.72,14.86,22.06,0.61,"21-May-20",28.95,22.02,3.39,0,"ARTRW8","ARTRW8",70,217,140,0,0.998923896,0.860039274,1,0.993485287,0.770489691,0.963112114,"no photo. Aerial","East-West","ARAR8",290,21.53846154,2025,33.75,32.19668803,0,0,"Yes","No","No","Yes","Yes","No",0,0,0,4,29,"NoGraze","NoGraze","NoGraze","1-Apr-15","10-Jun-15","200",1800,0,0,0,0,0,0,0,0,0,190,22,6260,6428,1932,337,1304,2049,337,337,0,333,5885,20,20,19,19,"#N/A","#N/A","#N/A","#N/A","#N/A","#N/A","#N/A","#N/A","#N/A","#N/A","#N/A","#N/A","#N/A","#N/A","#N/A","Hatched"
"71","FX0128N1_21","JISA",2021,29,"Adult","Hatched",1,NA,4,0,"9-May-21",21129,"FX0128N1_21_21129","5/7/21",2,3,"#N/A",0,3.72,13.56,23.33,-2.94,"11-May-21",29.95,15.48,4.27,0.02,"ARNO4","NoShrub",61,124,92,0.943927058,0.792811484,0.765482663,0.37928938,0.941018687,0.764505854,0.719650554,NA,"East-West","ARAR8",45,14.33333333,1607,26.78,23.78810541,0,0,"Yes","No","No","Yes","No","No",0,0,0,5,29,"NoGraze","NoGraze","NoGraze","1-Apr-15","10-Jun-15","200",2160,0,0,0,0,0,0,0,0,0,298,22,5854,6021,2219,207,1482,2057,207,207,212,320,5478,18,20,21,21,"#N/A","#N/A","#N/A","#N/A","#N/A","#N/A","#N/A","#N/A","#N/A","#N/A","#N/A","#N/A","#N/A","#N/A","#N/A","Hatched"
"72","FX0252N1_20","JISA",2020,29,"Adult","Failed",1,"No",7,0,"27-Apr-20",20118,"FX0252N1_20_20118","4/23/20",4,5,"1",0.7,2.43,7.65,12.85,-1.35,"8-May-20",29.13,22.68,4.28,0,"NoShrub","NoShrub",20,20,20,0.851498556,0.81046106,0.904245093,0.966529383,0.982988484,0.903144515,0.916056005,NA,"East-West","ARTRV",249,39.88888889,1272,21.2,42.93603175,0,0,"No","No","No","No","No","No",0,0,0,4,29,"NoGraze","NoGraze","NoGraze","1-Apr-15","10-Jun-15","200",1783,0,0,0,0,0,0,0,0,0,17,181,7807,8030,767,125,943,1963,125,125,0,834,6872,15,16,15,16,"0","0","1","0","0","0","0","0","1","0","0","1","1","0","1","Coyote"
"73","FX0259N1_20","JISA",2020,29,"Adult","Hatched",1,"No",7,0,"20-May-20",20141,"FX0259N1_20_20141","5/18/20",2,3,"#N/A",0,7,15.75,24.44,1.56,"25-May-20",24.76,17.02,2.24,0,"ARAR8","ARAR8",50,82,60,0.871913085,0.971084554,0.976207033,0.908641539,0.719284973,0.889426237,0.893804525,NA,"East-West","ARAR8",1062,28,2672,44.53,26.92207792,0,0,"Yes","No","No","Yes","Yes","No",0,1,0,4,29,"NoGraze","NoGraze","NoGraze","1-Apr-15","10-Jun-15","200",1806,0,0,0,0,0,0,0,0,0,795,371,5517,5776,2072,160,1216,1222,160,160,520,1216,4998,22,22,22,22,"#N/A","#N/A","#N/A","#N/A","#N/A","#N/A","#N/A","#N/A","#N/A","#N/A","#N/A","#N/A","#N/A","#N/A","#N/A","Hatched"
"74","FX0262N1_20","JISA",2020,29,"Adult","Hatched",1,"No",6,0,"8-Jun-20",20160,"FX0262N1_20_20160","6/3/20",5,6,"#N/A",2.9,9.92,18.52,27.13,5.33,"9-Jun-20",28.11,18.25,2.98,0,"ARTRW8","ARTRW8",105,144,122,0.856107352,0.653140502,0.857652279,0.303479117,0.953144819,0.724704814,0.691854179,NA,"East-West","ARAR8",78,30.33333333,1311,21.85,42.85136054,0,1,"No","No","No","Yes","Yes","Yes",0,0,0,4,29,"NoGraze","NoGraze","NoGraze","1-Apr-15","10-Jun-15","200",1825,0,0,0,0,0,0,0,0,0,256,630,3873,4306,2727,326,1131,1133,326,326,746,1709,3285,25,24,23,22,"#N/A","#N/A","#N/A","#N/A","#N/A","#N/A","#N/A","#N/A","#N/A","#N/A","#N/A","#N/A","#N/A","#N/A","#N/A","Hatched"
"75","FX0265N1_20","JISA",2020,29,"Adult","Hatched",1,"No",6,0,"15-May-20",20136,"FX0265N1_20_20136","5/14/20",1,2,"0",0.76,5.28,9.44,13.61,1,"25-May-20",31.48,21.59,3.57,0.09,"ARAR8","NoShrub",60,130,76,0.432375673,0.771479955,0.978374059,0.973423276,0.893134415,0.809757476,0.904102926,NA,"East-West","ARAR8",226,36.2,1106,18.43,33.49722222,0,0,"Yes","No","No","Yes","Yes","No",0,0,0,4,29,"NoGraze","NoGraze","NoGraze","1-Apr-15","10-Jun-15","200",1801,0,0,0,0,0,0,0,0,0,428,404,4131,4695,3135,85,728,730,85,85,1103,2074,3528,24,24,24,23,"0","0","0","0","0","0","0","0","0","0","0","0","0","0","0","Hatched"
"76","FX0275N1_21","JISA",2021,29,"Adult","Hatched",1,NA,9,0,"13-May-21",21133,"FX0275N1_21_21133","5/11/21",2,3,"#N/A",0,-1.67,6.33,14.5,-4.53,"19-May-21",20.77,16.32,4.19,0,"ARTRW8","NoShrub",66,124,73,0.88277139,0.54662693,0.953152319,0.817385579,0.888154118,0.817618067,0.801329737,NA,"East-West","ARTRW8",684,64.76923077,1390,23.17,40.95384615,0,0,"No","No","No","Yes","No","No",0,0,0,5,29,"NoGraze","NoGraze","NoGraze","1-Apr-15","10-Jun-15","200",2164,0,0,0,0,0,0,0,0,0,415,286,4590,4909,2978,41,1081,1084,41,41,845,1757,4002,23,24,23,23,"#N/A","#N/A","#N/A","#N/A","#N/A","#N/A","#N/A","#N/A","#N/A","#N/A","#N/A","#N/A","#N/A","#N/A","#N/A","Hatched"
"77","FX0562N2_21","JISA",2021,29,"Adult","Failed",2,NA,6,0,"7-Jun-21",21158,"FX0562N2_21_21158","6/6/21",1,2,"1",0,10.94,20.94,30.44,2,"18-Jun-21",24.63,14.28,3.32,0,"ARNO4","ARNO4",43,120,100,0.539526078,0.966411225,0.948020861,0.676842512,0.710822869,0.768324709,0.825524367,NA,"East-West","ARNO4",699,24.94871795,1440,24,22.36617457,0,0,"Yes","No","No","Yes","No","No",0,0,0,5,29,"NoGraze","NoGraze","NoGraze","1-Apr-15","10-Jun-15","200",2189,0,0,0,0,0,0,0,0,0,1030,168,5016,5477,2520,225,600,603,225,225,1068,2368,4056,19,20,21,21,"0","0","1","0","0","0","0","0","1","0","0","1","1","0","1","Coyote"
"78","F5368N1_21","SHCR",2021,79,"Yearling","Hatched",1,NA,6,0,"11-May-21",21131,"F5368N1_21_21131","5/10/21",1,2,"#N/A",0,-2.83,3.61,10.28,-7.67,"13-May-21",22.67,12.42,3.67,0.88,"ARTRT","PUTR2",112,133,127,0.896636578,0.466751067,0.944195793,0.970777567,0.908461571,0.837364515,0.8225465,NA,"East-West","ARNO4",43,19,1125,18.75,60.23571429,1,3,"Yes","No","No","Yes","Yes","No",0,2,0,0,79,"11-May-21","1-Jun-21","387","13-Nov-20","31-Dec-20","425",0,0,0,0,0,0,0,0,0,0,890,559,14520,624,913,514,1637,6343,514,514,74,833,23782,29,27,28,27,"#N/A","#N/A","#N/A","#N/A","#N/A","#N/A","#N/A","#N/A","#N/A","#N/A","#N/A","#N/A","#N/A","#N/A","#N/A","Hatched"
"79","F5375N1_21","SHCR",2021,79,"Adult","Hatched",1,NA,7,1,"16-May-21",21136,"F5375N1_21_21136","5/13/21",3,4,"#N/A",0.25,3.69,13.37,23.19,-4.02,"3-Jun-21",13.33,10.71,2.61,2.24,"ARTRW8","CHVI8",63,108,94,0.759509566,0.417526518,0.95305564,0.750649813,0.276975088,0.631543325,0.599551765,NA,"East-West","ARNO4",525,23.7,1302,21.7,37.17222222,0,16,"Yes","No","No","Yes","No","No",2,0,0,0,79,"11-May-21","1-Jun-21","387","13-Nov-20","31-Dec-20","425",0,0,0,0,0,0,0,0,0,0,114,96,12988,1975,2153,469,2146,4195,469,469,969,1431,26055,16,15,15,15,"#N/A","#N/A","#N/A","#N/A","#N/A","#N/A","#N/A","#N/A","#N/A","#N/A","#N/A","#N/A","#N/A","#N/A","#N/A","Hatched"
"80","FX0500N1_20","SHCR",2020,79,"Adult","Hatched",1,"No",7,0,"30-Apr-20",20121,"FX0500N1_20_20121","4/27/20",3,4,"#N/A",0,3.02,11.41,19.8,0.69,"2-May-20",19.03,14.03,-14.55,3.62,"PUTR2","NoShrub",125,174,116,0.892853841,0.75869088,0.675588377,0.875381468,0.972241157,0.834951145,0.82047547,NA,"East-West","ARNO4",169,21.5,1135,18.92,54.85138889,1,14,"No","No","No","Yes","No","No",0,0,0,0,79,"21-May-20","3-Jun-20","667","20-Sep-19","1-Oct-19","427",212,1,0,1,1,0,0,0,0,0,294,30,13302,608,430,142,442,6222,142,142,81,307,25000,26,23,25,24,"#N/A","#N/A","#N/A","#N/A","#N/A","#N/A","#N/A","#N/A","#N/A","#N/A","#N/A","#N/A","#N/A","#N/A","#N/A","Hatched"
"81","FX0306N1_20","BIBU",2020,156,"Adult","Hatched",1,"No",8,1,"20-Jun-20",20172,"FX0306N1_20_20172","6/19/20",1,2,"#N/A",0,2.33,10.72,19.11,2.67,"13-Jul-20",46.37,29.11,5.26,0,"ARTRT","NoShrub",59,82,76,0.588910408,0.971842038,0.978339157,0.471674626,0.943702557,0.790893757,0.841389595,NA,"East-West","ARTRT",269,37.4,525,8.75,32.25277778,0,0,"No","No","No","No","No","No",0,0,0,0,156,"29-Aug-20","9-Oct-20","600","29-Aug-19","30-Sep-19","625",264,0,1,1,1,0,0,0,0,0,1052,70,10253,755,3297,148,1265,7595,148,148,1718,8851,4806,12,13,12,12,"#N/A","#N/A","#N/A","#N/A","#N/A","#N/A","#N/A","#N/A","#N/A","#N/A","#N/A","#N/A","#N/A","#N/A","#N/A","Hatched"
"82","F5439N1_21","BIBU",2021,157,"Yearling","Hatched",1,NA,6,0,"26-May-21",21146,"F5439N1_21_21146","5/24/21",2,3,"#N/A",0,2.25,7.81,13.56,0.03,"7-Jun-21",15.66,13.81,1.51,0.02,"ARTRW8","NoShrub",72,87,85,0.893056849,0.237182911,0.688148104,0.673253672,0.955099892,0.689348286,0.638421145,NA,"East-West","ARTRW8",570,49,932,15.53,35.68333333,0,13,"Yes","No","No","Yes","Yes","No",2,0,0,0,157,"16-Sep-21","15-Oct-21","600","29-Aug-19","30-Sep-19","625",604,NA,-44337.75,1312.805556,0,0,0,0,0,0,1254,74,8106,2290,1739,143,1034,5932,143,143,538,5642,8015,14,15,14,14,"#N/A","#N/A","#N/A","#N/A","#N/A","#N/A","#N/A","#N/A","#N/A","#N/A","#N/A","#N/A","#N/A","#N/A","#N/A","Hatched"
"83","FX0465N1_21","BIBU",2021,157,"Yearling","Hatched",1,NA,8,0,"24-May-21",21144,"FX0465N1_21_21144","5/21/21",3,4,"#N/A",1.52,1.07,6.09,11.39,-1.67,"1-Jun-21",37.96,29.46,2.62,0,"ARTRW8","SYAL",101,174,123,0.946033982,100,0.987962585,100,0.901035173,40.56700635,50.47224944,NA,"East-West","AMAL2",345,40,2549,42.48,39.44218074,0,0,"Yes","No","No","No","Yes","No",0,0,0,0,157,"16-Sep-21","15-Oct-21","600","29-Aug-19","30-Sep-19","625",602,0,0,0,0,0,0,0,0,0,1639,299,8940,2009,403,312,1618,4286,312,312,0,4953,8852,32,29,31,29,"#N/A","#N/A","#N/A","#N/A","#N/A","#N/A","#N/A","#N/A","#N/A","#N/A","#N/A","#N/A","#N/A","#N/A","#N/A","Hatched"
"84","FX0224N1_20","BIBU",2020,161,"Adult","Hatched",1,"No",8,0,"24-May-20",20145,"FX0224N1_20_20145","5/21/20",3,4,"#N/A",4.23,1.59,6.09,10.56,1.96,"8-Jul-20",28.91,16.36,3.14,0,"ARTRT","NoShrub",83,109,102,0.997435213,0.997274687,0.778928087,0.987717519,0.999586139,0.952188329,0.940876608,NA,"East-West","ARTR4",340,48.33333333,2212,36.87,45.30277778,0,1,"No","No","Yes","No","No","No",0,0,0,0,161,"29-Jun-20","10-Oct-20","181","Unk","Unk","Unk",NA,0,1,1,1,0,0,0,0,0,800,162,13917,2082,12905,724,3029,8567,724,724,70,5381,17725,20,21,23,23,"#N/A","#N/A","#N/A","#N/A","#N/A","#N/A","#N/A","#N/A","#N/A","#N/A","#N/A","#N/A","#N/A","#N/A","#N/A","Hatched"
"85","FX0302N1_20","BIBU",2020,171,"Adult","Hatched",1,"No",4,0,"25-Jun-20",20177,"FX0302N1_20_20177","6/23/20",2,3,"#N/A",0,8.72,18.69,28.67,5.92,"8-Jul-20",24.84,18.11,3.03,0,"ARTRV","ARTRV",99,174,110,0.736164581,0.294744049,0.43405163,0.965436767,0.860735817,0.658226569,0.638742066,NA,"East-West","ARTR4",452,36.54545455,1924,32.07,40.62916084,0,7,"No","No","No","No","No","No",0,0,0,0,171,"2-Jul-21","30-Oct-21","100","24-Apr-18","22-May-18","433",765,0,1,1,1,0,0,0,0,0,590,64,10951,1305,8659,112,1323,5638,112,112,1052,3070,14228,15,15,16,16,"#N/A","#N/A","#N/A","#N/A","#N/A","#N/A","#N/A","#N/A","#N/A","#N/A","#N/A","#N/A","#N/A","#N/A","#N/A","Hatched"
"86","FX0227N1_21","BIBU",2021,173,"Yearling","Hatched",1,NA,8,0,"26-May-21",21146,"FX0227N1_21_21146","5/24/21",2,3,"#N/A",0,2.78,8.81,14.61,0.44,"2-Jun-21",23.18,15.96,1.83,0,"ARTR4","NoShrub",68,158,131,0.726938445,0.862617218,0.62599141,0.952111282,0.922305449,0.817992761,0.84075634,NA,"East-West","ARTR4",348,42.125,825,13.75,33.05357143,0,3,"No","No","No","Yes","No","No",3,0,0,0,173,"Unk","Unk","Unk","8-Apr-20","7-Jun-20","574",NA,0,0,0,0,0,0,0,0,0,1142,205,14690,288,5408,2046,2132,2143,2046,288,1711,4827,6769,14,13,13,12,"#N/A","#N/A","#N/A","#N/A","#N/A","#N/A","#N/A","#N/A","#N/A","#N/A","#N/A","#N/A","#N/A","#N/A","#N/A","Hatched"
"87","FX0243N1_20","BIBU",2020,173,"Adult","Hatched",1,"No",9,0,"14-May-20",20135,"FX0243N1_20_20135","5/12/20",2,3,"#N/A",0,2.36,11.42,20.44,-0.75,"10-Jun-20",27.73,19.44,3.15,0,"ARTRW8","NoShrub",62,116,113,0.850695366,0.932203923,0.974799316,0.928467566,0.986537439,0.934540722,0.955502061,NA,"East-West","ARTRW8",465,41.14285714,1170,19.5,36.80042017,0,0,"No","No","No","Yes","No","No",1,0,0,0,173,"8-Apr-20","7-Jun-20","574","Unk","Unk","Unk",0,0,0,0,0,0,0,0,0,0,90,103,11022,3363,3135,100,2084,5226,100,100,713,8010,4772,20,19,19,19,"#N/A","#N/A","#N/A","#N/A","#N/A","#N/A","#N/A","#N/A","#N/A","#N/A","#N/A","#N/A","#N/A","#N/A","#N/A","Hatched"
"88","FX0313N1_20","BIBU",2020,173,"Yearling","Hatched",1,"No",8,1,"24-May-20",20145,"FX0313N1_20_20145","5/21/20",3,4,"#N/A",3.73,1.89,6.7,11.52,1.69,"30-Jun-20",35.91,16.47,2.4,0,"ARTRW8","NoShrub",69,99,53,0.604190518,0.908799429,0.360789965,0.622470602,0.78124002,0.655498107,0.668325004,NA,"East-West","ARTR4",258,52.25,1873,31.22,43.97698413,0,0,"No","No","No","Yes","No","No",0,0,0,0,173,"8-Apr-20","7-Jun-20","574","Unk","Unk","Unk",0,0,0,0,0,0,0,0,0,0,403,16,11518,3444,2812,23,2354,4757,23,23,382,7522,5232,15,15,14,14,"#N/A","#N/A","#N/A","#N/A","#N/A","#N/A","#N/A","#N/A","#N/A","#N/A","#N/A","#N/A","#N/A","#N/A","#N/A","Hatched"
"89","FX0623N1_20","BRBE",2020,311,"Adult","Failed",1,"No",9,0,"24-Apr-20",20115,"FX0623N1_20_20115","4/22/20",2,3,"1",2.29,2.89,10.33,17.72,-0.94,"5-May-20",14.56,11.16,1.46,0,"ARTRW8","NoShrub",153,170,137,0.484814911,0.981606091,0.831494765,0.227186405,0.778450775,0.66071059,0.704684509,NA,"East-West","ARTRW8",60,67,548,9.13,40.08333333,0,33,"Yes","No","No","No","Yes","No",0,0,0,0,311,"Unk","Unk","Unk","Unk","Unk","Unk",NA,0,0,0,0,0,0,0,0,0,828,742,3201,797,3877,31,3587,3587,31,31,770,2706,2698,18,19,19,19,"0","0","1","0","0","0","0","0","1","0","0","1","1","0","1","Coyote"
"90","FX0601N1_20","BRBE",2020,341,"Yearling","Hatched",1,"No",10,1,"14-May-20",20135,"FX0601N1_20_20135","5/13/20",1,2,"#N/A",0,3.78,10.94,18.06,-0.61,"27-May-20",17.95,11.4,1.88,0,"ARAR8","NoShrub",61,109,87,0.706136773,0.768877821,0.987045418,0.328424593,0.305946016,0.619286124,0.597573462,NA,"East-West","ARAR8",547,23.75,1254,20.9,28.19117647,0,0,"No","No","No","Yes","Yes","Yes",0,0,0,0,341,"Unk","Unk","Unk","Unk","Unk","Unk",NA,0,0,0,0,0,0,0,0,0,168,445,4313,175,6539,1242,2896,2896,1242,175,204,3058,1828,19,19,19,19,"#N/A","#N/A","#N/A","#N/A","#N/A","#N/A","#N/A","#N/A","#N/A","#N/A","#N/A","#N/A","#N/A","#N/A","#N/A","Hatched"
"91","FX0372N1_21","BRBE",2021,356,"Yearling","Hatched",1,NA,8,0,"18-May-21",21138,"FX0372N1_21_21138","5/13/21",5,6,"#N/A",0.2,5.72,13.39,21.2,-0.41,"8-Jun-21",26.26,17.66,4.31,0.36,"ARNO4","CHNA",78,132,109,0.899643482,0.994532999,0.856551187,0.939350588,0.71045423,0.880106497,0.875222251,NA,"East-West","ARNO4",146,37.75,1540,25.67,58.6990404,13,0,"Yes","No","Yes","Yes","Yes","No",0,0,0,0,356,"23-Jun-21","4-Nov-21","426.6666667","27-Jun-20","4-Nov-20","400",195,0,0,0,0,0,0,0,0,0,523,105,1244,1265,1136,446,1160,3179,446,446,349,646,7326,25,25,25,24,"#N/A","#N/A","#N/A","#N/A","#N/A","#N/A","#N/A","#N/A","#N/A","#N/A","#N/A","#N/A","#N/A","#N/A","#N/A","Hatched"
"92","F5202N1_20","PAVA",2020,398,"Adult","Hatched",1,"No",6,0,"31-May-20",20152,"F5202N1_20_20152","5/30/20",1,2,"#N/A",0,7.5,18.06,28.56,4.06,"25-Jun-20",33.11,21.18,2.72,0,"ARTRV","ARTRV",51,114,113,0.896658423,0.77299479,0.643744384,0.955295776,0.931519732,0.840042621,0.825888671,NA,"East-West","ARAR8",442,18.85714286,1545,25.75,28.57857143,0,1,"Yes","No","Yes","Yes","No","No",1,0,0,0,398,"28-Jun-20","1-Aug-20","230","25-Jul-18","14-Aug-18","250",656,0,1,0,1,0,0,0,0,0,926,774,926,1249,2398,446,2678,2678,446,446,170,2825,16528,29,30,32,33,"#N/A","#N/A","#N/A","#N/A","#N/A","#N/A","#N/A","#N/A","#N/A","#N/A","#N/A","#N/A","#N/A","#N/A","#N/A","Hatched"
"93","FX0685N1_20","PAVA",2020,415,"Adult","Failed",1,"No",6,0,"26-May-20",20147,"FX0685N1_20_20147","5/22/20",4,5,"1",0.38,-0.63,5.42,11.46,-2.24,"25-Jun-20",20.98,8.06,1.41,1.71,"ARAR8","NoShrub",53,100,77,0.772714095,0.490374283,0.887273823,0.847334323,0.521455332,0.703830371,0.68660944,NA,"East-West","ARAR8",656,25.66666667,1170,19.5,23.15833333,0,2,"Yes","No","No","No","No","No",0,0,0,0,415,"23-May-20","12-Jul-21","240","25-May-19","27-Jun-19","243",0,1,1,0,1,0,1,2,15.78082192,0.005482363,46,47,3483,4323,6487,1748,1481,3578,1748,1748,2838,2225,21482,13,14,14,14,"0","0","1","0","0","0","0","0","1","0","0","1","1","0","1","Coyote"
"94","FX0791N1_21","PAVA",2021,415,"Adult","Hatched",1,NA,8,0,"27-May-21",21147,"FX0791N1_21_21147","5/25/21",2,3,"#N/A",3.05,0.72,7.39,13.89,1.11,"9-Jun-21",17.08,6.43,1.13,0.17,"ARTRW8","NoShrub",54,58,98,0.858345666,0.469313425,0.893878271,0.874198532,0.675620952,0.754271369,0.728252795,NA,"East-West","ARNO4",264,10.77777778,1118,18.63,19.05701754,0,9,"No","No","No","Yes","Yes","No",0,0,0,0,415,"8-Jun-21","26-Jun-21","240","23-May-20","12-Jul-20","240",319,1,1,0,1,0,0,0,0,0,2116,334,2198,3057,4555,825,454,1442,825,825,1870,334,19485,13,12,12,12,"#N/A","#N/A","#N/A","#N/A","#N/A","#N/A","#N/A","#N/A","#N/A","#N/A","#N/A","#N/A","#N/A","#N/A","#N/A","Hatched"
"95","FX0678N1_20","PAVA",2020,417,"Adult","Failed",1,"No",8,0,"5-May-20",20126,"FX0678N1_20_20126","5/4/20",1,2,"1",0,-1.61,5.5,12.61,-8.94,"26-May-20",13.42,8.87,1.8,2.61,"ARTRW8","ARTRW8",28,71,43,0.416494835,0.881963103,0.742258815,0.888214281,0.356686824,0.657123572,0.717280756,NA,"East-West","ARTRW8",503,21.41666667,1236,20.6,16.79166667,0,1,"Yes","No","Yes","No","No","No",0,0,0,0,417,"21-May-20","19-Jun-20","139","3-Jun-19","13-Jun-19","139",327,1,1,0,1,0,0,0,0,0,203,200,4642,3034,5759,43,759,3977,43,43,1687,2591,20296,13,14,14,15,"0","0","1","0","0","0","0","0","1","0","0","1","1","0","1","Coyote"
"96","FX0236N1_20","BIBU",2020,519,"Adult","Hatched",1,"No",7,1,"8-Jun-20",20160,"FX0236N1_20_20160","6/5/20",3,4,"#N/A",0.76,7.37,16.63,25.91,4.65,"7-Jul-20",33.52,17.68,3.52,0.4,"ARTR4","NoShrub",74,125,105,0.814351252,0.907169303,0.65396032,0.949739895,0.770543389,0.819152832,0.820353227,"part of ball cut off in photo. Aerial","East-West","ARTR4",571,49.23076923,1812,30.2,36.60737179,0,13,"No","No","No","No","No","No",0,0,0,0,519,"1-Jul-20","31-Oct-20","235","Unk","Unk","Unk",NA,0,1,1,1,0,0,0,0,0,2337,211,15707,2209,12408,85,478,6376,85,85,423,2236,19008,8,9,8,9,"#N/A","#N/A","#N/A","#N/A","#N/A","#N/A","#N/A","#N/A","#N/A","#N/A","#N/A","#N/A","#N/A","#N/A","#N/A","Hatched"
"97","FX0488N1_21","BIBU",2021,519,"Adult","Failed",1,NA,7,0,"19-May-21",21139,"FX0488N1_21_21139","5/17/21",2,3,"1",0,4.75,14.83,25.08,1.17,"8-Jun-21",11.25,10.09,1.19,4.17,"ARTR4","NoShrub",51,84,78,0.781738457,0.429816682,0.757639841,0.702896643,0.558184252,0.646055175,0.612134355,NA,"East-West","ARTR4",224,32,476,7.93,26.66904762,0,26,"Yes","No","Yes","No","Yes","No",1,0,0,0,519,"21-Apr-21","13-Jul-21","182","1-Jul-20","31-Oct-20","235",0,0,0,0,0,0,0,0,0,0,543,1025,13822,2503,10918,71,1510,5758,71,71,540,2799,17142,8,9,9,9,"0","0","1","0","0","0","0","0","1","0","0","1","1","0","1","Coyote"
"98","FX0496N1_21","BIBU",2021,519,"Adult","Hatched",1,NA,7,4,"9-Jun-21",21160,"FX0496N1_21_21160","6/7/21",2,3,"0",0,6.92,16.39,25.5,-3.28,"14-Jun-21",14.84,10.19,1.34,2.04,"ARTR4","CHVI8",46,131,90,0.367381929,0.494585724,0.573420099,0.955608639,0.921585512,0.662516381,0.736299994,NA,"East-West","ARTR4",173,32.28571429,561,9.35,17.87176871,1,15,"Yes","No","No","Yes","No","No",1,0,0,0,519,"21-Apr-21","13-Jul-21","182","1-Jul-20","31-Oct-20","235",0,0,0,0,0,0,0,0,0,0,72,195,13099,1038,8420,180,2758,2897,180,180,2287,121,15869,9,10,10,11,"0","0","0","0","0","0","0","0","0","0","0","0","0","0","0","Hatched"
"99","F5290N1_21","BRBE",2021,539,"Yearling","Hatched",1,NA,5,1,"2-Jun-21",21153,"F5290N1_21_21153","5/28/21",5,6,"#N/A",0,3.29,12.81,23.06,-3.68,"8-Jun-21",29.64,21.04,4.22,0.3,"ARTRW8","NoShrub",91,158,151,0.98037528,100,0.781186832,0.845753375,100,40.5214631,50.40673505,NA,"East-West","ARTRW8",498,63.1,1549,25.82,62.70833333,0,0,"Yes","No","No","Yes","No","No",0,0,0,0,539,"22-Nov-21","20-Dec-21","237","2-Jul-20","8-Jul-20","476",329,0,0,0,0,0,0,0,0,0,463,810,1355,841,3262,1482,1270,1270,1270,841,1442,997,6158,31,27,28,27,"#N/A","#N/A","#N/A","#N/A","#N/A","#N/A","#N/A","#N/A","#N/A","#N/A","#N/A","#N/A","#N/A","#N/A","#N/A","Hatched"
"100","FX0151N1_20","PAVA",2020,574,"Adult","Hatched",1,"No",8,1,"27-May-20",20148,"FX0151N1_20_20148","5/26/20",1,2,"#N/A",0,-0.44,9.78,20,1.72,"1-Jun-20",18.63,8.76,1.27,0.25,"ARTRW8","ARTRW8",71,124,97,0.971186547,0.739028777,0.94216497,0.808464992,0.996867472,0.891542552,0.871631553,NA,"East-West","ARNO4",543,15.80952381,1718,28.63,24.19256934,0,6,"Yes","No","No","No","No","No",1,0,0,0,574,"21-Jul-20","27-Jul-20","400","1-Jul-19","9-Jul-19","110",323,0,1,0,1,0,0,0,0,0,789,113,1954,4051,1026,300,283,5099,300,300,853,2278,30699,22,22,22,21,"#N/A","#N/A","#N/A","#N/A","#N/A","#N/A","#N/A","#N/A","#N/A","#N/A","#N/A","#N/A","#N/A","#N/A","#N/A","Hatched"
"101","FX0151N1_21","PAVA",2021,574,"Adult","Hatched",1,NA,7,0,"27-May-21",21147,"FX0151N1_21_21147","5/26/21",1,2,"0",5.33,-0.33,6.89,13.94,2.11,"7-Jun-21",18.63,10.09,1.04,0.09,"ARTRV","NoShrub",40,32,65,0.939460297,0.326434521,0.879532842,0.664550317,0.748734311,0.711742458,0.654812998,NA,"East-West","ARAR8",285,11.06666667,1498,24.97,22.29766082,0,3,"Yes","No","Yes","Yes","No","No",0,0,0,0,574,"8-Jun-21","20-Jul-21","381","21-Jul-20","27-Jul-20","400",304,0,0,0,0,0,0,0,0,0,748,14,2023,830,970,204,385,5073,204,204,778,2343,30739,23,23,23,22,"0","0","0","0","0","0","0","0","0","0","0","0","0","0","0","Hatched"
"102","FX0694N1_20","PAVA",2020,574,"Adult","Hatched",1,"No",8,0,"1-Jun-20",20153,"FX0694N1_20_20153","5/29/20",3,4,"#N/A",0,6.81,17.44,28.07,3.89,"18-Jun-20",22.25,12.79,1.52,0,"ARTRW8","ARTRW8",95,220,167,0.637181042,0.857329499,0.641850809,0.964114973,0.821501987,0.784395662,0.821199317,NA,"East-West","ARAR8",295,15.85714286,1380,23,41.37482993,0,11,"No","No","No","No","No","No",0,0,0,0,574,"21-Jul-20","27-Jul-20","400","1-Jul-19","9-Jul-19","110",328,0,1,0,1,0,0,0,0,0,784,15,2051,3715,995,5,300,4933,5,5,767,2393,30718,26,24,25,24,"#N/A","#N/A","#N/A","#N/A","#N/A","#N/A","#N/A","#N/A","#N/A","#N/A","#N/A","#N/A","#N/A","#N/A","#N/A","Hatched"
"103","FX0193N1_20","PAVA",2020,575,"Adult","Hatched",1,"No",8,0,"1-Jun-20",20153,"FX0193N1_20_20153","5/29/20",3,4,"#N/A",0,6.54,16.98,27.44,3.44,"19-Jun-20",17.11,11.85,1.62,0.17,"CHNA","ARTR4",62,128,82,0.690695801,0.733500491,0.866040395,0.611790561,0.600532249,0.700511899,0.702965924,NA,"East-West","ARTR4",555,22.33333333,1746,29.1,37.72638889,0,6,"Yes","No","Yes","Yes","No","No",0,0,0,0,575,"13-Jul-20","20-Oct-20","240","10-Jul-19","20-Oct-19","243",225,0,1,1,1,0,0,0,0,0,1511,1334,3596,2272,2044,1864,1342,3186,1864,1864,1479,2013,26314,26,29,26,26,"#N/A","#N/A","#N/A","#N/A","#N/A","#N/A","#N/A","#N/A","#N/A","#N/A","#N/A","#N/A","#N/A","#N/A","#N/A","Hatched"
"104","FX0788N1_21","PAVA",2021,575,"Adult","Hatched",1,NA,7,0,"31-May-21",21151,"FX0788N1_21_21151","5/28/21",3,4,"#N/A",0,-0.33,9.41,19.07,-4.91,"9-Jun-21",22.66,11.37,1.81,0.08,"ARTRW8","NoShrub",66,112,122,0.676733237,100,0.952547771,0.782410559,0.370706182,20.55647955,25.52641613,NA,"East-West","ARTR4",600,23.11538462,1246,20.77,24.74808525,0,13,"Yes","No","No","Yes","No","No",0,0,0,0,575,"9-Jul-21","7-Sep-21","240","13-Jul-20","20-Oct-20","240",223,0,1,1,1,0,0,0,0,0,964,893,3833,982,2369,918,2057,3000,918,918,920,2980,25282,36,36,35,35,"#N/A","#N/A","#N/A","#N/A","#N/A","#N/A","#N/A","#N/A","#N/A","#N/A","#N/A","#N/A","#N/A","#N/A","#N/A","Hatched"
"105","FX0215N1_20","PAVA",2020,576,"Adult","Hatched",1,"No",9,1,"1-Jun-20",20153,"FX0215N1_20_20153","5/29/20",3,4,"#N/A",0,6.8,17.28,27.74,3.7,"18-Jun-20",17.15,7.9,1.39,0.16,"ARTRW8","ARTRW8",43,126,99,0.960136532,0.977700194,0.920896188,0.769288709,0.933929266,0.912390178,0.900453589,NA,"East-West","ARAR8",527,12.31578947,1269,21.15,19.45263158,0,11,"Yes","No","No","Yes","No","No",0,0,0,0,576,"27-Jun-20","12-Jul-20","240","27-Jun-19","10-Jul-19","243",327,0,1,0,1,0,0,0,0,0,294,150,5274,3803,3969,2218,1127,1128,1128,1128,2177,441,22672,17,19,18,20,"#N/A","#N/A","#N/A","#N/A","#N/A","#N/A","#N/A","#N/A","#N/A","#N/A","#N/A","#N/A","#N/A","#N/A","#N/A","Hatched"
"106","FX0453N1_21","PAVA",2021,581,"Adult","Hatched",1,NA,5,0,"27-May-21",21147,"FX0453N1_21_21147","5/25/21",2,3,"#N/A",3.56,0.39,6.83,13.31,0.81,"11-Jun-21",8.73,4.95,1.47,0.48,"ARTRW8","NoShrub",68,130,82,0.718643442,0.492686595,0.542755134,0.344512625,0.997829027,0.619285365,0.594445845,NA,"East-West","ARTRW8",904,47.42857143,2176,36.27,35.66009852,0,15,"Yes","No","Yes","No","Yes","No",0,0,0,0,581,"Unk","Unk","Unk","Unk","Unk","Unk",NA,0,0,0,0,0,0,0,0,0,1401,16,5315,3319,5268,15,1003,5422,15,15,889,4507,18705,19,19,17,16,"#N/A","#N/A","#N/A","#N/A","#N/A","#N/A","#N/A","#N/A","#N/A","#N/A","#N/A","#N/A","#N/A","#N/A","#N/A","Hatched"
"107","FX0678N2_20","PAVA",2020,581,"Adult","Hatched",2,"No",6,0,"19-Jun-20",20171,"FX0678N2_20_20171","6/18/20",1,2,"#N/A",13.21,0.33,4.39,8.44,1.67,"24-Jun-20",12.4,6.86,1.1,1.36,"ARTRW8","ARTRW8",61,123,97,0.251026132,0.855622529,1,0.965596592,0.970199197,0.80848889,0.94785458,NA,"East-West","ARAR8",433,27.10526316,1915,31.92,28.2040518,1,12,"Yes","No","No","Yes","No","No",0,0,0,0,581,"Unk","Unk","Unk","Unk","Unk","Unk",NA,0,0,0,0,0,0,0,0,0,338,25,5155,2868,5515,141,1683,4526,141,141,664,3424,19677,19,19,19,19,"#N/A","#N/A","#N/A","#N/A","#N/A","#N/A","#N/A","#N/A","#N/A","#N/A","#N/A","#N/A","#N/A","#N/A","#N/A","Hatched"
"108","FX0679N1_20","PAVA",2020,581,"Yearling","Hatched",1,"No",6,0,"24-May-20",20145,"FX0679N1_20_20145","5/23/20",1,2,"#N/A",0.76,0.78,6.5,12.28,-2.06,"19-Jun-20",23.56,12.52,2.53,0.03,"ARTRV","ATCO",40,79,48,0.581355646,0.5913569,0.798807504,0.846252136,0.505229463,0.66460033,0.685411501,NA,"East-West","ARNO4",426,24.71428571,1164,19.4,21.91349206,0,0,"Yes","No","Yes","Yes","No","No",1,0,0,0,581,"Unk","Unk","Unk","Unk","Unk","Unk",NA,0,0,0,0,0,0,0,0,0,1844,662,3524,6009,4001,437,3989,19278,437,437,3381,17001,18660,7,8,8,8,"#N/A","#N/A","#N/A","#N/A","#N/A","#N/A","#N/A","#N/A","#N/A","#N/A","#N/A","#N/A","#N/A","#N/A","#N/A","Hatched"
"109","FX0276N1_21","JISA",2021,589,"Adult","Hatched",1,NA,10,0,"16-May-21",21136,"FX0276N1_21_21136","5/15/21",1,2,"#N/A",0.51,8.67,16.56,24.72,2.83,"19-May-21",17.93,15.86,2.86,0,"ARTRT","NoShrub",84,148,56,0.534022194,0.507686992,0.968731253,0.993039374,0.739026584,0.748501279,0.802121051,NA,"East-West","ARNO4",20,27,1523,25.38,40.30641026,0,0,"No","No","No","Yes","Yes","No",0,0,0,0,589,"1-May-21","14-May-21","201","17-Oct-19","21-Oct-19","234",2,0,0,0,0,0,0,0,0,0,71,59,3985,4166,2933,215,916,1993,215,215,1523,1467,2640,25,25,25,25,"#N/A","#N/A","#N/A","#N/A","#N/A","#N/A","#N/A","#N/A","#N/A","#N/A","#N/A","#N/A","#N/A","#N/A","#N/A","Hatched"
"110","FX0116N1_21","JISA",2021,599,"Adult","Hatched",1,NA,6,1,"1-Jun-21",21152,"FX0116N1_21_21152","5/30/21",2,3,"#N/A",0,4.36,13.92,23,-5.75,"7-Jun-21",22.24,15.74,3.12,1.59,"ARTRT","NoShrub",72,104,60,0.671258149,0.804477106,0.723644271,0.853854147,0.981123486,0.806871432,0.840774753,NA,"East-West","ARTRT",123,53.25,558,9.3,43.61111111,3,15,"Yes","No","No","No","No","No",0,0,0,0,599,"6-Jun-21","17-Jun-21","112","4-May-19","20-May-19","145",743,0,0,0,0,0,0,0,0,0,111,122,4969,5096,2705,396,878,2656,396,396,47,214,4551,18,17,17,17,"#N/A","#N/A","#N/A","#N/A","#N/A","#N/A","#N/A","#N/A","#N/A","#N/A","#N/A","#N/A","#N/A","#N/A","#N/A","Hatched"
"111","FX0265N1_21","JISA",2021,599,"Adult","Failed",1,NA,9,0,"11-May-21",21131,"FX0265N1_21_21131","5/10/21",1,2,"1",0,-2.06,5.11,12.17,-6.33,"19-May-21",33.97,15.62,4.37,0.02,"CHNA","NoShrub",75,133,93,0.6847139,0.698318781,0.966405667,0.977899152,0.990133985,0.863494297,0.908189396,NA,"East-West","ARAR8",279,11,791,13.18,27.86666667,0,4,"No","No","No","Yes","Yes","No",0,0,0,0,599,"6-Jun-21","17-Jun-21","112","4-May-19","20-May-19","145",722,0,0,0,0,0,0,0,0,0,187,64,3759,3899,1613,243,405,2596,243,243,676,369,3358,16,14,15,15,"0","1","0","0","0","0","0","1","0","0","1","0","0","1","1","Corvid"
"112","FX0542N1_21","JISA",2021,599,"Yearling","Failed",1,NA,6,0,"24-Apr-21",21114,"FX0542N1_21_21114","4/22/21",2,3,"1",0,-3.03,5.94,14.81,-9.72,"20-May-21",26.97,13.95,2.67,0.05,"ARTRW8","ARNO4",82,112,104,0.833697278,0.898347618,0.800642924,0.913008517,0.7745758,0.844054427,0.846643715,NA,"East-West","ARAR8",16,11,1626,27.1,28.81456776,0,5,"No","No","No","Yes","Yes","No",0,0,0,0,599,"6-Jun-21","17-Jun-21","112","4-May-19","20-May-19","145",705,0,0,0,0,0,0,0,0,0,238,33,4020,4167,1871,85,286,2500,85,85,538,637,3625,17,17,17,17,"0","0","1","0","0","0","0","0","1","0","0","1","1","0","1","Coyote"
"113","FX0633N1_20","JISA",2020,600,"Adult","Failed",1,"No",1,0,"23-Apr-20",20114,"FX0633N1_20_20114","4/20/20",3,4,"1",0,-0.69,8.24,17.13,-1.76,"6-May-20",21.31,19.6,2.78,0,"ARTRW8","ARTRW8",87,175,118,0.912420235,0.679725355,0.999206485,0.983104159,0.727408188,0.860372884,0.847361047,NA,"East-West","ARAR8",26,15.5,1657,27.62,30.41607143,4,0,"Yes",NA,"No","No","Yes","No",0,0,0,0,600,"16-May-20","20-Jun-20","125","29-May-19","18-Jun-19","145",310,1,1,0,1,0,0,0,0,0,42,351,3821,4684,3437,174,654,654,174,174,1356,2509,3132,17,17,18,18,"0","1","0","0","0","0","0","1","0","0","1","0","0","1","1","Corvid"
"114","FX0593N1_21","JISA",2021,606,"Adult","Failed",1,NA,9,0,"27-Apr-21",21117,"FX0593N1_21_21117","4/26/21",1,2,"1",4.57,2.56,5.72,9.06,2.39,"10-May-21",17.53,13.08,2.94,0.08,"ARTRT","CHNA",94,188,184,0.742572859,100,0.879653684,0.303469543,0.868034746,20.55874617,25.51278949,NA,"East-West","ARAR8",65,29.25,1766,29.43,39.35896825,0,4,"No","No","No","Yes","Yes","No",1,0,0,0,606,"14-Oct-21","5-Nov-21","210","1-May-19","15-Jun-19","214",682,0,0,0,0,0,0,0,0,0,69,62,4625,4473,932,76,1377,1976,76,76,505,301,4195,23,23,23,22,"1","0","0","0","0","0","0","1","0","0","1","0","0","0","1","Corvid"
"115","FX0593N2_21","JISA",2021,606,"Adult","Hatched",2,NA,6,0,"14-Jun-21",21165,"FX0593N2_21_21165","6/13/21",1,2,"#N/A",0,8.67,18.06,28.33,-1.28,"15-Jun-21",18.46,12.74,2.9,0,"ARTRT","NoShrub",82,223,160,0.947557342,0.87675096,0.933855656,0.992045854,0.914296168,0.932901196,0.92923716,NA,"East-West","ARNO4",397,31.76470588,848,14.13,34.64183007,7,0,"No","No","No","Yes","Yes","No",0,0,0,0,606,"14-Oct-21","5-Nov-21","210","1-May-19","15-Jun-19","214",730,0,0,0,0,0,0,0,0,0,412,68,4106,5033,569,317,944,1945,317,317,518,223,3596,22,21,21,19,"#N/A","#N/A","#N/A","#N/A","#N/A","#N/A","#N/A","#N/A","#N/A","#N/A","#N/A","#N/A","#N/A","#N/A","#N/A","Hatched"
"116","FX0071N1_20","JISA",2020,743,"Adult","Hatched",1,"No",7,0,"21-May-20",20142,"FX0071N1_20_20142","5/18/20",3,4,"#N/A",0.93,5.52,13.85,22.17,1.93,"28-May-20",28.41,17.65,2.6,0,"ARAR8","ARAR8",45,119,153,0.702135298,0.94866847,0.923285833,0.999949706,0.907660932,0.896340048,0.944891235,NA,"East-West","ARAR8",446,29.25,1363,22.72,28.25757576,0,3,"No","No","No","Yes","No","No",0,0,0,4,743,"NoGraze","NoGraze","NoGraze","9-Apr-19","6-Jun-19","200",350,0,0,0,0,0,0,0,0,0,61,73,6721,7101,601,118,1181,1181,118,118,95,549,5577,23,23,23,22,"#N/A","#N/A","#N/A","#N/A","#N/A","#N/A","#N/A","#N/A","#N/A","#N/A","#N/A","#N/A","#N/A","#N/A","#N/A","Hatched"
"117","FX0249N1_20","JISA",2020,743,"Adult","Hatched",1,"Yes",7,0,"1-Jun-20",20153,"FX0249N1_20_20153","5/29/20",3,4,"#N/A",0.17,13.2,21.85,30.54,6.07,"3-Jun-20",30.67,18.57,1.59,0,"ARTRW8","CHVI8",80,116,112,0.593739332,0.833802537,0.977037243,0.84300605,0.685502235,0.786617479,0.834837016,NA,"East-West","ARNO4",145,24,1640,27.33,58.63035714,0,11,"No","No","No","No","No","No",0,0,0,4,743,"NoGraze","NoGraze","NoGraze","9-Apr-19","6-Jun-19","200",361,0,0,0,0,0,0,0,0,0,655,212,6314,7369,1975,243,559,565,243,243,33,528,5725,27,27,27,27,"#N/A","#N/A","#N/A","#N/A","#N/A","#N/A","#N/A","#N/A","#N/A","#N/A","#N/A","#N/A","#N/A","#N/A","#N/A","Hatched"
"118","FX0257N1_20","JISA",2020,743,"Adult","Hatched",1,"No",7,1,"28-May-20",20149,"FX0257N1_20_20149","5/25/20",3,4,"#N/A",0,5.44,12.76,20.06,2.81,"1-Jun-20",33.47,18.12,2.38,0,"ARNO4","CHVI8",58,127,100,0.634095864,0.794751985,0.875795633,0.982147468,0.898696351,0.83709746,0.887847859,NA,"East-West","ARAR8",85,26.66666667,1125,18.75,31.47555556,0,12,"No","No","No","Yes","No","No",0,0,0,4,743,"NoGraze","NoGraze","NoGraze","9-Apr-19","6-Jun-19","200",357,0,0,0,0,0,0,0,0,0,415,297,7053,7720,966,58,596,596,58,58,588,585,6191,24,24,25,25,"#N/A","#N/A","#N/A","#N/A","#N/A","#N/A","#N/A","#N/A","#N/A","#N/A","#N/A","#N/A","#N/A","#N/A","#N/A","Hatched"
"119","FX0272N1_20","JISA",2020,743,"Adult","Failed",1,"No",7,0,"4-May-20",20125,"FX0272N1_20_20125","5/1/20",3,4,"1",1.86,5.61,12.44,19.31,3.52,"26-May-20",29.81,18.71,2.38,0,"ARNO4","NoShrub",56,101,91,0.919567534,0.954583035,0.432689105,0.962323646,0.837260792,0.821284822,0.796714145,NA,"East-West","ARAR8",136,17.85714286,1124,18.73,22.35102041,0,6,"Yes","No","No","Yes","No","No",0,0,0,4,743,"NoGraze","NoGraze","NoGraze","9-Apr-19","6-Jun-19","200",333,0,0,0,0,0,0,0,0,0,54,555,7585,8155,811,377,1143,1143,377,377,314,738,6637,24,25,24,24,"0","1","0","0","0","0","0","1","0","0","1","0","0","1","1","Corvid"
"120","FX0251N1_21","JISA",2021,745,"Adult","Hatched",1,NA,8,0,"13-May-21",21133,"FX0251N1_21_21133","5/12/21",1,2,"#N/A",0,-0.67,6.83,14.33,-5.78,"17-May-21",39.79,25.92,6.78,0.4,"ARTRW8","NoShrub",69,116,96,0.658980531,0.829820855,0.944755178,100,0.913495903,20.66941049,25.67201798,NA,"East-West","ARTRW8",273,42.375,664,11.07,42.46875,0,11,"No","No","No","No","No","No",0,0,0,0,745,"14-Jun-21","15-Oct-21","228","21-Jul-20","13-Oct-20","187",212,0,0,0,0,0,0,0,0,0,773,721,7696,6584,2090,796,878,3078,796,796,0,1634,7270,11,11,10,10,"#N/A","#N/A","#N/A","#N/A","#N/A","#N/A","#N/A","#N/A","#N/A","#N/A","#N/A","#N/A","#N/A","#N/A","#N/A","Hatched"
"121","FX0254N1_21","JISA",2021,745,"Adult","Failed",1,NA,1,0,"5-May-21",21125,"FX0254N1_21_21125","5/3/21",2,3,"1",0,1.53,6.47,11.39,-3.44,"17-May-21",27.01,15.46,4.29,0.55,"NoShrub","NoShrub",87,69,59,0.911945628,0.538336917,0.839424425,0.729108481,100,20.60376309,25.52671746,NA,"East-West","ARAR8",23,8,166,2.77,23.91666667,0,16,"Yes","No","No","Yes","Yes","No",0,0,0,0,745,"14-Jun-21","15-Oct-21","228","21-Jul-20","13-Oct-20","187",204,0,0,0,0,0,0,0,0,0,13,100,7546,6347,1139,245,834,2255,245,245,0,1235,7022,8,10,11,12,"0","1","0","0","0","0","0","1","0","0","1","0","0","1","1","Corvid"
"122","FX0268N1_21","JISA",2021,745,"Adult","Hatched",1,NA,9,0,"22-May-21",21142,"FX0268N1_21_21142","5/21/21",1,2,"0",2.79,-0.44,4.72,9.83,-2.61,"27-May-21",20.3,16.7,2.79,0.44,"ARTRW8","SYAL",85,122,120,0.820638369,0.823793485,0.984838803,100,0.868616451,20.69957742,25.66931218,NA,"East-West","ARTRW8",430,46.71428571,2810,46.83,67.83180377,0,8,"Yes","No","Yes","No","No","No",0,0,0,0,745,"14-Jun-21","15-Oct-21","228","21-Jul-20","13-Oct-20","187",221,0,0,0,0,0,0,0,0,0,676,1602,5845,3966,1422,175,1843,7670,175,175,173,5455,8375,30,31,29,27,"0","0","0","0","0","0","0","0","0","0","0","0","0","0","0","Hatched"
"123","FX0501N1_21","JISA",2021,745,"Adult","Hatched",1,NA,7,1,"21-May-21",21141,"FX0501N1_21_21141","5/19/21",2,3,"#N/A",0,5.47,13.47,21.14,0.67,"27-May-21",35.15,23.88,6.13,0.02,"ARTRW8","NoShrub",51,61,43,0.607856652,0.970973921,0.455540202,0.909037966,0.931199412,0.774921631,0.816687875,NA,"East-West","ARNO4",52,21,677,11.28,25.65674603,0,7,"No","No","No","Yes","No","No",0,0,0,0,745,"14-Jun-21","15-Oct-21","228","21-Jul-20","13-Oct-20","187",220,0,0,0,0,0,0,0,0,0,527,536,7448,6721,1897,615,969,2800,615,615,0,1378,7042,11,10,10,9,"#N/A","#N/A","#N/A","#N/A","#N/A","#N/A","#N/A","#N/A","#N/A","#N/A","#N/A","#N/A","#N/A","#N/A","#N/A","Hatched"
"124","FX0556N1_21","JISA",2021,745,"Adult","Hatched",1,NA,8,0,"11-May-21",21131,"FX0556N1_21_21131","5/10/21",1,2,"#N/A",0,-2.06,5.11,12.17,-6.33,"20-May-21",26.63,16.42,4.29,0.17,"ARNO4","CHVI8",58,121,107,0.892905036,0.925835946,0.643026056,0.912592184,0.546404225,0.784152689,0.756964603,NA,"East-West","ARNO4",534,28.4375,1565,26.08,22.02178571,0,7,"No","No","No","Yes","Yes","No",0,0,0,0,745,"14-Jun-21","15-Oct-21","228","21-Jul-20","13-Oct-20","187",210,0,0,0,0,0,0,0,0,0,262,44,5432,5545,2936,507,1322,2672,507,507,189,264,4992,18,17,17,17,"#N/A","#N/A","#N/A","#N/A","#N/A","#N/A","#N/A","#N/A","#N/A","#N/A","#N/A","#N/A","#N/A","#N/A","#N/A","Hatched"
"125","FX0586N1_21","JISA",2021,745,"Adult","Failed",1,NA,5,0,"8-May-21",21128,"FX0586N1_21_21128","5/7/21",1,2,"1",0,7.5,16.72,24.78,-4.28,"27-May-21",23.78,15.27,3.52,0.03,"JUOC","NoShrub",167,172,165,0.864737867,0.722151175,0.852732627,100,0.837514081,20.65542715,25.60309947,NA,"East-West","ARAR8",48,15.33333333,1689,28.15,48.72117794,0,2,"No","No","No","No","Yes","No",0,0,0,0,745,"14-Jun-21","15-Oct-21","228","21-Jul-20","13-Oct-20","187",207,0,0,0,0,0,0,0,0,0,1171,99,6420,6559,2760,191,303,3430,191,191,0,1173,6038,15,18,17,17,"0","0","1","0","0","0","0","0","1","0","0","1","1","0","1","Coyote"
"126","FX0587N1_21","JISA",2021,745,"Yearling","Failed",1,NA,6,0,"28-Apr-21",21118,"FX0587N1_21_21118","4/26/21",2,3,"1",3.94,-1.81,1.89,5.83,-0.14,"17-May-21",24.53,18.7,4.26,0.72,"ARTRW8","NoShrub",93,77,69,0.903044824,0.965495971,0.313388175,0.640047885,0.980353419,0.760466055,0.724821363,NA,"East-West","ARTRW8",345,35.75,1088,18.13,29.1654386,0,14,"No","No","No","No","Yes","No",0,0,0,0,745,"14-Jun-21","15-Oct-21","228","21-Jul-20","13-Oct-20","187",197,0,0,0,0,0,0,0,0,0,585,595,7310,6899,2013,722,924,2824,722,722,0,1246,6892,10,10,10,9,"0","1","0","0","0","0","0","1","0","0","1","0","0","1","1","Corvid"
"127","FX0189N1_20","PAVA",2020,759,"Adult","Hatched",1,"No",8,0,"30-May-20",20151,"FX0189N1_20_20151","5/29/20",1,2,"#N/A",0,5.06,13.78,22.5,0.83,"26-Jun-20",24.48,16.36,2.26,0.14,"ARTRV","ARTRV",63,177,145,0.988420717,0.872357847,0.887820367,0.967320284,0.753846849,0.893953213,0.870336337,NA,"East-West","ARAR8",70,13.66666667,2106,35.1,26.44769703,0,5,"Yes","No","No","Yes","No","No",0,0,0,0,759,"Unk","Unk","Unk","Unk","Unk","Unk",NA,0,0,0,0,0,0,0,0,0,725,7783,5853,8116,2680,129,1833,22602,129,129,119,21965,11989,38,38,38,37,"#N/A","#N/A","#N/A","#N/A","#N/A","#N/A","#N/A","#N/A","#N/A","#N/A","#N/A","#N/A","#N/A","#N/A","#N/A","Hatched"
"128","FX0157N1_21","SHCR",2021,781,"Adult","Failed",1,NA,8,0,"3-May-21",21123,"FX0157N1_21_21123","4/28/21",5,6,"1",0.05,1.62,11.77,22.04,-2.74,"12-May-21",16.76,8.65,2.63,2.65,"ARTRW8","NoShrub",60,137,112,0.898148483,100,0.876378273,0.974912522,0.480158956,20.64591965,25.58286244,NA,"East-West","ARNO4",129,37.5,1360,22.67,38.56428571,0,7,"Yes","No","No","Yes","Yes","Yes",0,0,0,4,781,"16-Oct-21","10-Nov-21","726","11-Jun-18","13-Jun-18","413",1055,0,0,0,0,0,0,0,0,0,263,200,13671,1335,4994,131,725,725,131,131,2342,746,31453,16,16,16,16,"0","1","0","0","0","0","0","1","0","0","1","0","0","1","1","Corvid"
"129","FX0680N1_20","PAVA",2020,799,"Adult","Hatched",1,"Yes",9,0,"25-May-20",20146,"FX0680N1_20_20146","5/24/20",1,2,"#N/A",0,0.11,5.28,10.44,-2.5,"18-Jun-20",21.21,10.79,1.29,5.47,"ARTRV","NoShrub",62,187,143,0.545297745,0.65527909,0.914835592,0.818060307,0.571310621,0.700956671,0.739871402,NA,"East-West","ARNO4",280,21.5,1429,23.82,36.45515873,0,7,"No","No","No","Yes","Yes","No",0,0,0,0,799,"16-May-20","1-Jun-20","175","16-May-19","5/28/19","357",0,1,0,0,0,0,1,10,57.53424658,0.047538121,402,77,1714,5289,5531,183,694,13328,183,183,675,6524,29533,14,14,14,15,"#N/A","#N/A","#N/A","#N/A","#N/A","#N/A","#N/A","#N/A","#N/A","#N/A","#N/A","#N/A","#N/A","#N/A","#N/A","Hatched"
"130","F5276N2_20","BIBU",2020,806,"Adult","Failed",2,"No",6,0,"19-May-20",20140,"F5276N2_20_20140","5/17/20",2,3,"1",0,2.08,11.47,20.89,0.53,"16-Jun-20",34.85,20.83,3.25,1.35,"ARTRW8","ARTRW8",53,83,62,0.357977939,0.801395901,0.995829533,0.902783681,0.990967285,0.809790868,0.9227441,NA,"East-West","ARTR4",189,35.14285714,1180,19.67,32.67484594,0,6,"No","No","No","Yes","No","No",0,0,0,0,806,"6-Apr-20","30-Jun-20","60","22-Oct-19","12-Nov-19","625",0,1,1,1,1,0,1,43,84.82191781,0.082754302,772,31,6101,1247,3071,968,1653,6379,968,968,1239,2441,7794,15,15,15,15,"0","0","1","0","0","0","0","0","1","0","0","1","1","0","1","Coyote"
"131","F5392N1_20","BIBU",2020,806,"Adult","Hatched",1,"No",8,0,"21-May-20",20142,"F5392N1_20_20142","5/19/20",2,3,"#N/A",0.89,3.22,12.5,21.83,3.97,"14-Jul-20",30,21.49,4.51,0,"ARTRT","NoShrub",61,83,60,0.901415571,0.87424414,0.909151438,0.999988668,0.750963192,0.887152602,0.88358686,NA,"East-West","ARTR4",182,28.81818182,1456,24.27,35.56919866,0,0,"No","No","No","No","No","No",0,0,0,0,806,"6-Apr-20","30-Jun-20","60","22-Oct-19","12-Nov-19","625",0,1,1,1,1,0,1,45,88.76712329,0.086603339,630,628,5506,405,5863,1014,2754,8130,1014,405,2318,1093,8536,13,14,14,15,"#N/A","#N/A","#N/A","#N/A","#N/A","#N/A","#N/A","#N/A","#N/A","#N/A","#N/A","#N/A","#N/A","#N/A","#N/A","Hatched"
"132","FX0339N1_20","BIBU",2020,806,"Adult","Hatched",1,"No",8,1,"14-May-20",20135,"FX0339N1_20_20135","5/12/20",2,3,"#N/A",0,1.97,11.42,20.89,-0.25,"4-Jun-20",23.31,17.09,3.09,0,"ARTR4","ARTR4",48,171,117,0.521078008,0.883466084,0.883398463,0.93391192,0.91436769,0.827244433,0.903786039,NA,"East-West","ARTR4",770,30.48275862,1771,29.52,31.78325123,0,4,"No","No","No","Yes","No","No",0,0,0,0,806,"6-Apr-20","30-Jun-20","60","22-Oct-19","12-Nov-19","625",0,1,1,1,1,0,1,38,74.95890411,0.073131708,743,345,5421,644,4881,2034,3224,7514,2034,644,1452,1075,8023,13,13,13,13,"#N/A","#N/A","#N/A","#N/A","#N/A","#N/A","#N/A","#N/A","#N/A","#N/A","#N/A","#N/A","#N/A","#N/A","#N/A","Hatched"
"133","F5318N1_21","SHCR",2021,815,"Adult","Hatched",1,NA,6,0,"27-May-21",21147,"F5318N1_21_21147","5/25/21",2,3,"#N/A",0.51,2.94,9.92,16.97,2.08,"7-Jun-21",42.96,33.02,6.33,0,"ARTRW8","NoShrub",81,175,142,0.648894014,0.671129976,0.869006402,100,0.863529523,20.61051198,25.60091648,NA,"East-West","ARNO4",23,21,1333,22.22,43.73809524,0,0,"No","No","No","No","Yes","No",0,0,0,0,815,"20-Sep-21","10-Oct-21","633","1-Jun-20","1-Sep-20","560",268,0,0,0,0,0,0,0,0,0,674,358,12299,1307,713,339,653,6797,339,339,255,821,25340,23,20,21,19,"#N/A","#N/A","#N/A","#N/A","#N/A","#N/A","#N/A","#N/A","#N/A","#N/A","#N/A","#N/A","#N/A","#N/A","#N/A","Hatched"
"134","FX0456N1_21","SHCR",2021,815,"Adult","Hatched",1,NA,4,0,"9-May-21",21129,"FX0456N1_21_21129","5/6/21",3,4,"#N/A",0,0.59,11.09,21.76,-6.09,"10-May-21",18.54,10.98,3.3,0.24,"ARTRW8","NoShrub",109,151,143,0.304485644,0.690546787,0.885225183,100,0.986786685,20.57340886,25.64063966,NA,"East-West","ARNO4",121,54,1609,26.82,61.00555556,0,12,"No","No","No","Yes","No","No",0,0,0,0,815,"20-Sep-21","10-Oct-21","633","1-Jun-20","1-Sep-20","560",250,0,0,0,0,0,0,0,0,0,18,407,11033,2203,2968,636,2918,5197,636,636,892,1878,27955,14,13,14,14,"#N/A","#N/A","#N/A","#N/A","#N/A","#N/A","#N/A","#N/A","#N/A","#N/A","#N/A","#N/A","#N/A","#N/A","#N/A","Hatched"
"135","FX0498N1_20","SHCR",2020,815,"Yearling","Hatched",1,"No",3,0,"17-May-20",20138,"FX0498N1_20_20138","5/15/20",2,3,"#N/A",0.64,0.25,6.44,12.69,0.11,"27-May-20",22.46,16.94,3.4,0.06,"ARNO4","ARNO4",49,96,66,0.304315004,0.609064866,0.86428648,0.31280537,0.869433658,0.591981075,0.663897593,NA,"East-West","ARNO4",319,21.6,1067,17.78,30.71397059,0,7,"No","No","No","No","No","No",1,0,0,0,815,"1-Jun-20","1-Sep-20","560","20-Sep-19","5-Nov-19","869.6666667",194,1,1,1,1,0,0,0,0,0,493,509,12451,2004,1424,371,1402,5108,371,371,1126,564,26237,17,17,17,16,"#N/A","#N/A","#N/A","#N/A","#N/A","#N/A","#N/A","#N/A","#N/A","#N/A","#N/A","#N/A","#N/A","#N/A","#N/A","Hatched"
"136","FX0498N1_21","SHCR",2021,815,"Adult","Hatched",1,NA,9,1,"16-May-21",21136,"FX0498N1_21_21136","5/13/21",3,4,"#N/A",0.25,3.52,13.13,22.91,-4.11,"27-May-21",14,7.89,1.68,0,"ARNO4","NoShrub",54,111,75,0.761757483,0.82377588,100,0.690037185,0.475177324,20.55014957,25.4972476,NA,"East-West","ARNO4",529,29.30769231,827,13.78,30.93956044,0,7,"No","No","No","Yes","No","No",0,0,0,0,815,"20-Sep-21","10-Oct-21","633","1-Jun-20","1-Sep-20","560",257,0,0,0,0,0,0,0,0,0,692,655,12253,2129,1462,172,1430,5222,172,172,1077,561,26412,15,15,15,15,"#N/A","#N/A","#N/A","#N/A","#N/A","#N/A","#N/A","#N/A","#N/A","#N/A","#N/A","#N/A","#N/A","#N/A","#N/A","Hatched"
"137","F5353N1_20","SHCR",2020,823,"Adult","Hatched",1,"No",8,0,"15-May-20",20136,"F5353N1_20_20136","5/13/20",2,3,"#N/A",0.38,2.22,7.89,13.53,0.19,"21-May-20",19.69,16.06,3.61,0,"ARTRW8","NoShrub",86,190,152,0.486727466,0.999856871,0.943280209,0.950600047,0.964626612,0.869018241,0.964590934,NA,"East-West","ARTRW8",461,44.2,1137,18.95,33.59761905,0,1,"No","No","No","No","No","No",0,0,0,3,823,"NoGraze","NoGraze","NoGraze","24-Sep-17","10/17/17","564.6666667",941,0,0,0,0,0,0,0,0,0,379,20,7765,2335,2813,288,6050,6340,288,288,346,662,31433,12,13,12,12,"#N/A","#N/A","#N/A","#N/A","#N/A","#N/A","#N/A","#N/A","#N/A","#N/A","#N/A","#N/A","#N/A","#N/A","#N/A","Hatched"
"138","F5496N1_20","SHCR",2020,823,"Adult","Failed",1,"No",3,0,"13-May-20",20134,"F5496N1_20_20134","5/11/20",2,3,"1",0,6.39,15.56,24.72,-4.33,"5-Jun-20",18.19,16.25,3.75,0.08,"ARTRW8","NoShrub",89,120,94,0.939490342,0.701605742,0.996167842,0.78571516,0.97400423,0.879396663,0.864373244,NA,"East-West","ARTRW8",155,46,383,6.38,58.75,0,12,"No","No","No","No","No","No",0,0,0,3,823,"NoGraze","NoGraze","NoGraze","24-Sep-17","10/17/17","564.6666667",939,0,0,0,0,0,0,0,0,0,407,688,11249,1453,4302,514,4265,4301,514,514,432,1738,28597,10,10,11,11,"0","0","1","0","0","0","0","0","1","0","0","1","1","0","1","Coyote"
"139","FX0178N1_20","SHCR",2020,823,"Yearling","Failed",1,"No",8,0,"27-Apr-20",20118,"FX0178N1_20_20118","4/24/20",3,4,"1",0.76,-1.2,7.13,15.46,0.15,"24-May-20",20.51,17.74,3,0.11,"CHVI8","ARTRW8",87,139,87,0.81687607,0.971157727,0.856123433,0.925067352,0.860817134,0.886008343,0.903291411,NA,"East-West","ARNO4",160,14.375,1222,20.37,32.17950337,0,14,"Yes","No","No","Yes","No","No",0,0,0,3,823,"NoGraze","NoGraze","NoGraze","24-Sep-17","10/17/17","564.6666667",923,0,0,0,0,0,0,0,0,0,340,1660,7017,371,2400,350,4094,8256,350,350,813,1212,30162,10,12,12,13,"0","0","1","0","0","0","0","0","1","0","0","1","1","0","1","Coyote"
"140","FX0351N1_21","SHCR",2021,823,"Adult","Failed",1,NA,4,1,"10-May-21",21130,"FX0351N1_21_21130","5/6/21",4,5,"1",0,-1.26,9,19.22,-7.03,"20-May-21",22.92,12.96,3.28,1.1,"ARNO4","NoShrub",49,196,82,0.434457036,0.365912707,0.706657937,0.873027564,0.716293439,0.619269737,0.665472912,NA,"East-West","ARNO4",663,32.46153846,1704,28.4,36.32760181,0,0,"No","No","Yes","Yes","No","No",0,0,0,4,823,"NoGraze","NoGraze","NoGraze","24-Sep-17","10/17/17","564.6666667",1301,0,0,0,0,0,0,0,0,0,268,1124,7667,747,2088,330,3989,8404,330,330,854,1065,29433,16,16,16,16,"0","0","1","0","0","0","0","0","1","0","0","1","1","0","1","Coyote"
"141","FX0354N1_21","SHCR",2021,823,"Adult","Hatched",1,NA,3,1,"27-May-21",21147,"FX0354N1_21_21147","5/25/21",2,3,"#N/A",0.64,3,9.94,16.92,2.19,"4-Jun-21",31,16.21,4.66,2.26,"ARTRW8","CHVI8",71,168,118,0.644668979,0.303084335,0.878627149,0.988258375,0.821098334,0.727147434,0.747767048,NA,"East-West","ARNO4",261,23.83333333,1164,19.4,45.22619048,0,1,"No","No","Yes","Yes","No","No",0,0,0,4,823,"NoGraze","NoGraze","NoGraze","24-Sep-17","10/17/17","564.6666667",1318,0,0,0,0,0,0,0,0,0,539,982,7143,784,3317,978,4978,7413,978,784,574,1099,30869,13,12,12,12,"#N/A","#N/A","#N/A","#N/A","#N/A","#N/A","#N/A","#N/A","#N/A","#N/A","#N/A","#N/A","#N/A","#N/A","#N/A","Hatched"
"142","FX0395N1_21","SHCR",2021,823,"Adult","Failed",1,NA,8,0,"12-May-21",21132,"FX0395N1_21_21132","5/10/21",2,3,"1",0,-2.75,4.61,11.89,-7.39,"19-May-21",27.74,15.2,4.31,1.11,"ARTRW8","ARNO4",73,228,206,0.889524989,0.982254736,0.877453969,0.720827021,0.860143551,0.866040853,0.860169819,NA,"East-West","ARNO4",214,33.66666667,1232,20.53,40.99444444,0,2,"No","No","No","Yes","No","No",0,0,0,4,823,"NoGraze","NoGraze","NoGraze","24-Sep-17","10/17/17","564.6666667",1303,0,0,0,0,0,0,0,0,0,97,132,7586,280,2624,566,6151,6302,566,280,57,959,31715,13,13,13,14,"0","0","1","0","0","0","0","0","1","0","0","1","1","0","1","Coyote"
"143","FX0399N1_20","SHCR",2020,823,"Adult","Failed",1,"No",8,0,"3-May-20",20124,"FX0399N1_20_20124","4/29/20",4,5,"1",0,2.93,13.03,23.1,1.81,"14-May-20",25.25,19.08,4.2,0,"ARTRW8","NoShrub",60,94,55,0.361711622,0.983315025,0.92026885,0.681338551,0.993367162,0.788000242,0.894572397,NA,"East-West","ARNO4",97,19.71428571,551,9.18,33.58008658,0,0,"Yes","No","No","Yes","No","No",0,0,0,3,823,"NoGraze","NoGraze","NoGraze","24-Sep-17","10/17/17","564.6666667",929,0,0,0,0,0,0,0,0,0,46,720,7126,1802,3276,877,5457,7006,877,877,87,1085,31368,18,16,19,18,"0","0","1","0","0","0","0","0","1","0","0","1","1","0","1","Coyote"
"144","FX0451N1_20","SHCR",2020,823,"Adult","Hatched",1,"No",6,0,"11-May-20",20132,"FX0451N1_20_20132","5/9/20",2,3,"#N/A",0,-1.81,10.19,22.14,-6.78,"12-May-20",21.16,17.64,3.03,0.71,"ARTRW8","ARTRW8",106,148,106,0.848960087,1,1,0.744571978,0.979234893,0.914553392,0.930951718,NA,"East-West","ARNO4",144,22.57142857,1317,21.95,44.22771673,0,1,"No","No","No","Yes","No","No",0,0,0,3,823,"NoGraze","NoGraze","NoGraze","24-Sep-17","10/17/17","564.6666667",937,0,0,0,0,0,0,0,0,0,1295,439,8573,1523,3265,156,4809,7195,156,156,829,120,29641,14,13,13,14,"#N/A","#N/A","#N/A","#N/A","#N/A","#N/A","#N/A","#N/A","#N/A","#N/A","#N/A","#N/A","#N/A","#N/A","#N/A","Hatched"
"145","FX0697N2_21","PAVA",2021,836,"Adult","Hatched",2,NA,7,2,"14-Jun-21",21165,"FX0697N2_21_21165","6/11/21",3,4,"#N/A",1.95,-0.48,9.17,18.87,-2.13,"16-Jun-21",0,0,0,0,"NoShrub","NoShrub",-999,-999,-999,0.042523575,0.986345398,100,0.867337523,0.953759931,20.56999329,25.70186071,NA,"East-West","NoShrub",-999,-999,-1998,-33.3,-999,0,18,"Yes","No","No","Yes","No","No",0,0,0,0,836,"Unk","Unk","Unk","Unk","Unk","Unk",NA,0,0,0,0,0,0,0,0,0,347,477,1222,265,2397,485,2661,3049,485,265,35,835,29921,41,41,39,38,"#N/A","#N/A","#N/A","#N/A","#N/A","#N/A","#N/A","#N/A","#N/A","#N/A","#N/A","#N/A","#N/A","#N/A","#N/A","Hatched"
"146","F5232N2_20","PAVA",2020,837,"Adult","Hatched",2,"No",7,0,"11-Jun-20",20163,"F5232N2_20_20163","6/10/20",1,2,"#N/A",0,-2.22,4.44,11.17,-1.11,"18-Jun-20",30.61,19.43,2.25,0,"ARTRW8","NoShrub",75,98,95,0.981234275,0.847943909,0.95893355,0.653148739,0.812822539,0.850816602,0.818212184,NA,"East-West","ARAR8",11,9,680,11.33,25.88055556,0,9,"Yes","No","No","Yes","No","No",0,0,0,0,837,"Unk","Unk","Unk","Unk","Unk","Unk",NA,0,0,0,0,0,0,0,0,0,80,193,627,264,2108,383,2663,3406,383,264,254,1373,30109,11,12,12,13,"#N/A","#N/A","#N/A","#N/A","#N/A","#N/A","#N/A","#N/A","#N/A","#N/A","#N/A","#N/A","#N/A","#N/A","#N/A","Hatched"
"147","F558N2_20","JISA",2020,966,"Adult","Hatched",2,"No",2,0,"15-Jun-20",20167,"F558N2_20_20167","6/12/20",3,4,"#N/A",0,11.33,18.13,24.94,-1.72,"16-Jun-20",22.02,11.29,1.72,6.9,"ARAR8","ARNO4",58,151,115,0.7665197,0.935814581,0.840187096,0.75779294,0.997783684,0.8596196,0.882894575,NA,"East-West","ARAR8",348,29.3,1586,26.43,34.0655303,10,0,"No","No","No","No","No","No",0,0,0,2,966,"1-May-20","1-Jun-20","63","Unk","Unk","Unk",14,0,0,0,0,0,1,44,91.13424658,0.24787265,130,306,7409,8124,2590,225,75,76,76,76,43,680,6959,25,21,24,25,"#N/A","#N/A","#N/A","#N/A","#N/A","#N/A","#N/A","#N/A","#N/A","#N/A","#N/A","#N/A","#N/A","#N/A","#N/A","Hatched"
"148","FX0250N1_20","JISA",2020,966,"Adult","Failed",1,"No",5,0,"21-May-20",20142,"FX0250N1_20_20142","5/18/20",3,4,"1",1.1,5.15,12.15,19.17,0.35,"5-Jun-20",26.3,16.62,2.62,9.75,"ARAR8","ARAR8",43,125,81,0.603564558,0.876963393,0.718239099,0.607031952,0.732748021,0.707709404,0.733745616,NA,"East-West","ARAR8",416,25.33333333,1182,19.7,24.47222222,2,6,"No","No","No","No","No","No",0,0,0,2,966,"1-May-20","1-Jun-20","63","Unk","Unk","Unk",0,0,0,0,0,0,1,19,39.35342466,0.107035917,574,24,7589,8023,2020,91,602,609,91,91,37,692,7009,23,25,26,27,"0","0","1","0","0","0","0","0","1","0","0","1","1","0","1","Coyote"
"149","FX0250N1_21","JISA",2021,966,"Adult","Hatched",1,NA,5,0,"8-May-21",21128,"FX0250N1_21_21128","5/7/21",1,2,"#N/A",0,6.06,16.56,26.83,-3.56,"10-May-21",20.26,12.97,3.38,0.09,"CHNA","ARNO4",81,148,132,0.943442409,0.776621876,0.593020803,0.900480577,0.859017242,0.814516581,0.782285125,NA,"East-West","ARAR8",6,8,638,10.63,32.21071429,0,12,"No","No","No","Yes","Yes","No",0,0,0,3,966,"NoGraze","NoGraze","NoGraze","1-May-20","1-Jun-20","63",341,0,0,0,0,0,0,0,0,0,2,36,7187,4825,1507,427,756,756,427,427,373,619,6499,20,21,21,23,"#N/A","#N/A","#N/A","#N/A","#N/A","#N/A","#N/A","#N/A","#N/A","#N/A","#N/A","#N/A","#N/A","#N/A","#N/A","Hatched"
"150","FX0277N1_20","JISA",2020,966,"Yearling","Hatched",1,"No",7,0,"11-May-20",20132,"FX0277N1_20_20132","5/8/20",3,4,"#N/A",0,1.96,9.15,16.35,-8.2,"13-May-20",27.08,22.43,2.39,4.31,"ARTRT","NoShrub",95,155,125,0.704072903,0.686255348,0.99684294,0.972746052,0.812768951,0.834537239,0.867153323,NA,"East-West","ARTRT",700,62.36363636,3230,53.83,45.48816288,3,2,"No","No","No","No","No","No",0,0,0,2,966,"1-May-20","1-Jun-20","63","Unk","Unk","Unk",0,0,0,0,0,0,1,10,20.71232877,0.056334693,823,732,8548,7394,1689,211,1118,1904,211,211,8,1667,7683,32,32,29,27,"#N/A","#N/A","#N/A","#N/A","#N/A","#N/A","#N/A","#N/A","#N/A","#N/A","#N/A","#N/A","#N/A","#N/A","#N/A","Hatched"
"151","FX0591N1_21","JISA",2021,966,"Yearling","Hatched",1,NA,8,0,"19-May-21",21139,"FX0591N1_21_21139","5/18/21",1,2,"#N/A",0.51,6.94,14,21.06,3.83,"26-May-21",19.88,12.93,2.95,0.03,"ARNO4","NoShrub",50,101,92,0.853186908,0.855404465,0.504633214,0.686036744,0.695191348,0.718890536,0.685316443,NA,"East-West","ARAR8",91,15.55555556,1622,27.03,21.10727513,0,10,"No","No","No","Yes","No","No",1,0,0,3,966,"NoGraze","NoGraze","NoGraze","1-May-20","1-Jun-20","63",352,0,0,0,0,0,0,0,0,0,400,87,7511,4470,1775,332,801,807,332,332,160,688,6878,25,25,24,24,"#N/A","#N/A","#N/A","#N/A","#N/A","#N/A","#N/A","#N/A","#N/A","#N/A","#N/A","#N/A","#N/A","#N/A","#N/A","Hatched"
